"from","to","freq","duration_s"
"1000","1000",4997,5421.32439463678
"1000","1001",644,6298.62732919255
"1000","1002",119,4463.14285714286
"1000","1003",128,2888.640625
"1000","1004",99,6045.57575757576
"1000","1005",76,5129.6447368421
"1000","1006",94,4814.10638297872
"1000","1007",106,4386.82075471698
"1000","1008",55,3201.07272727273
"1000","1009",224,3063.24553571429
"1000","1010",487,3176.6386036961
"1000","1011",93,4330.0752688172
"1000","1012",523,3386.88145315488
"1000","1013",467,3642.54175588865
"1000","1014",118,3861.55084745763
"1000","1015",180,3504.58888888889
"1000","1016",647,1898.06646058733
"1000","1017",708,2826.52683615819
"1000","1018",176,3733.55681818182
"1000","1019",233,4695.2660944206
"1000","1020",26,10764.7307692308
"1000","1021",43,7067.20930232558
"1000","1022",8,4584.125
"1000","1023",4,3566
"1000","1024",2,1292
"1000","1025",10,4572.2
"1000","1026",167,2911.79041916168
"1000","1027",1,2078
"1000","1028",4,10401.5
"1000","1029",2,7077.5
"1000","1030",10,2788.2
"1000","1031",2,2648
"1000","1032",7,3283.85714285714
"1000","1033",22,3811.90909090909
"1000","1034",5,7499.4
"1000","1035",21,19164.3333333333
"1000","1036",20,4024.05
"1000","1037",12,4449.16666666667
"1000","1038",23,14813.0869565217
"1000","1039",30,4471.76666666667
"1000","1040",19,4889.1052631579
"1000","1041",22,16136.4090909091
"1000","1042",12,2178.33333333333
"1000","1043",11,2062
"1000","1044",43,2861.06976744186
"1000","1045",320,3765.6125
"1000","1046",59,5845.6779661017
"1000","1047",328,2005.79573170732
"1000","1048",277,2233.65703971119
"1000","1049",253,3385.48616600791
"1000","1050",31,23419.1935483871
"1000","1061",50,6455.32
"1001","1000",818,5844.34596577017
"1001","1001",3452,5971.59154113557
"1001","1002",138,5196.94927536232
"1001","1003",149,3641.25503355705
"1001","1004",91,2684.86813186813
"1001","1005",100,2393.49
"1001","1006",74,2259.77027027027
"1001","1007",186,2872.7688172043
"1001","1008",79,3949.77215189873
"1001","1009",444,1466.77927927928
"1001","1010",478,3441.08158995816
"1001","1011",127,6461.74015748032
"1001","1012",598,3749.67224080268
"1001","1013",529,4026.7618147448
"1001","1014",136,3481.18382352941
"1001","1015",307,4346.47231270358
"1001","1016",619,1887.62197092084
"1001","1017",867,2620.12687427912
"1001","1018",219,4609.85388127854
"1001","1019",275,2907.99636363636
"1001","1020",17,2839.70588235294
"1001","1021",31,7312.87096774194
"1001","1022",15,16014.3333333333
"1001","1023",13,3704.46153846154
"1001","1024",9,3999
"1001","1025",36,7574.72222222222
"1001","1026",18,5143.27777777778
"1001","1027",2,42858
"1001","1028",10,4914
"1001","1029",5,7249
"1001","1030",3,3860.33333333333
"1001","1031",2,4115.5
"1001","1032",5,28379.6
"1001","1033",10,13561.2
"1001","1034",8,19344.875
"1001","1035",20,6583.75
"1001","1036",40,4275.35
"1001","1037",4,4145
"1001","1038",6,3641
"1001","1039",25,5721.88
"1001","1040",14,8497.5
"1001","1041",15,7036.26666666667
"1001","1042",3,24406.3333333333
"1001","1043",20,4711.8
"1001","1044",54,4548.94444444444
"1001","1045",380,4161.62105263158
"1001","1046",163,3793.80368098159
"1001","1047",268,2623.39925373134
"1001","1048",219,4048.92237442922
"1001","1049",484,1976.45661157025
"1001","1050",62,13012.9193548387
"1001","1061",58,5033.34482758621
"1002","1000",245,3382.77551020408
"1002","1001",158,4895.98734177215
"1002","1002",823,5146.24422843256
"1002","1003",86,3928.97674418605
"1002","1004",57,4968.82456140351
"1002","1005",36,6780.58333333333
"1002","1006",41,2508.53658536585
"1002","1007",52,970.711538461538
"1002","1008",12,661.25
"1002","1009",95,1498.44210526316
"1002","1010",85,1577.77647058824
"1002","1011",43,6489.95348837209
"1002","1012",118,2045.40677966102
"1002","1013",79,4060.15189873418
"1002","1014",35,1181.74285714286
"1002","1015",115,4097.21739130435
"1002","1016",89,1657.3595505618
"1002","1017",99,3214.79797979798
"1002","1018",45,6021.53333333333
"1002","1019",88,1970.39772727273
"1002","1020",18,5681.27777777778
"1002","1021",2,2513
"1002","1022",1,9827
"1002","1023",0,0
"1002","1024",1,2318
"1002","1025",2,2753.5
"1002","1026",0,0
"1002","1027",0,0
"1002","1028",2,2013
"1002","1029",0,0
"1002","1030",1,2149
"1002","1031",0,0
"1002","1032",12,2932.5
"1002","1033",11,3093.63636363636
"1002","1034",2,2706.5
"1002","1035",0,0
"1002","1036",18,2957.5
"1002","1037",7,2424.42857142857
"1002","1038",7,6703.14285714286
"1002","1039",1,1496
"1002","1040",1,1784
"1002","1041",4,3439
"1002","1042",3,46964.3333333333
"1002","1043",8,2564.25
"1002","1044",33,1699.72727272727
"1002","1045",289,1745.88581314879
"1002","1046",129,1946.67441860465
"1002","1047",226,1855.16371681416
"1002","1048",523,3145.41108986616
"1002","1049",393,2777.84987277354
"1002","1050",11,28261.7272727273
"1002","1061",7,21771.8571428571
"1003","1000",151,3213
"1003","1001",218,3952.29357798165
"1003","1002",66,5366.93939393939
"1003","1003",781,5469.05633802817
"1003","1004",130,3147.89230769231
"1003","1005",32,3775.78125
"1003","1006",84,1471.85714285714
"1003","1007",67,2351.71641791045
"1003","1008",10,2494.3
"1003","1009",47,5555.51063829787
"1003","1010",128,4830.5078125
"1003","1011",45,2688.35555555556
"1003","1012",79,3065.32911392405
"1003","1013",113,1752.17699115044
"1003","1014",14,1342.35714285714
"1003","1015",64,5100.46875
"1003","1016",241,1556.86721991701
"1003","1017",137,1511.40145985401
"1003","1018",46,4888.21739130435
"1003","1019",62,4807.41935483871
"1003","1020",4,1833.5
"1003","1021",12,12829.3333333333
"1003","1022",5,1798.8
"1003","1023",5,3105.2
"1003","1024",5,2998.8
"1003","1025",5,17720
"1003","1026",3,5836.33333333333
"1003","1027",0,0
"1003","1028",4,6048
"1003","1029",2,3974.5
"1003","1030",0,0
"1003","1031",1,3437
"1003","1032",5,3146.6
"1003","1033",6,4347.66666666667
"1003","1034",4,2749.5
"1003","1035",9,1908.55555555556
"1003","1036",14,14629.4285714286
"1003","1037",8,4165.375
"1003","1038",5,13922.6
"1003","1039",2,2079.5
"1003","1040",3,2306
"1003","1041",16,1601.75
"1003","1042",1,860
"1003","1043",16,3683.5
"1003","1044",49,1716.4693877551
"1003","1045",401,2324.74812967581
"1003","1046",221,2412.64705882353
"1003","1047",331,1967.81873111782
"1003","1048",299,2396.11371237458
"1003","1049",328,2430.10365853659
"1003","1050",7,2109
"1003","1061",14,6488.57142857143
"1004","1000",91,4195.58241758242
"1004","1001",302,7364.1357615894
"1004","1002",52,1285.01923076923
"1004","1003",159,1454.27672955975
"1004","1004",1923,6588.20540821633
"1004","1005",48,3617
"1004","1006",50,3150.62
"1004","1007",25,1139.48
"1004","1008",19,1115.57894736842
"1004","1009",26,1707.57692307692
"1004","1010",66,3423.10606060606
"1004","1011",50,4696.06
"1004","1012",86,4130.8023255814
"1004","1013",40,3298.875
"1004","1014",26,7165.03846153846
"1004","1015",31,2583.74193548387
"1004","1016",84,5713.67857142857
"1004","1017",68,3890.22058823529
"1004","1018",11,3314.63636363636
"1004","1019",24,5655.29166666667
"1004","1020",2,2701
"1004","1021",1,1779
"1004","1022",0,0
"1004","1023",27,5272.62962962963
"1004","1024",2,3104
"1004","1025",1,3000
"1004","1026",1,3188
"1004","1027",1,18979
"1004","1028",4,3111.75
"1004","1029",1,2777
"1004","1030",0,0
"1004","1031",6,2749
"1004","1032",179,3589.79329608939
"1004","1033",30,4538.73333333333
"1004","1034",17,2541.76470588235
"1004","1035",10,3069
"1004","1036",57,3360.70175438596
"1004","1037",13,8117.69230769231
"1004","1038",124,1548.45161290323
"1004","1039",39,1796.94871794872
"1004","1040",12,1514.08333333333
"1004","1041",15,2054.6
"1004","1042",1,4893
"1004","1043",13,2262.30769230769
"1004","1044",94,1890.35106382979
"1004","1045",704,3784.15767045455
"1004","1046",102,4912.64705882353
"1004","1047",113,1798.84955752212
"1004","1048",182,2804.3021978022
"1004","1049",465,1836.1376344086
"1004","1050",11,9612
"1004","1061",4,1535.5
"1005","1000",110,4206.08181818182
"1005","1001",205,3213.83414634146
"1005","1002",44,11138.6363636364
"1005","1003",43,6417.25581395349
"1005","1004",78,4314.67948717949
"1005","1005",552,5708.16485507246
"1005","1006",43,3499.97674418605
"1005","1007",172,3541.90697674419
"1005","1008",34,3498.35294117647
"1005","1009",42,1487.30952380952
"1005","1010",96,2652.96875
"1005","1011",31,3386.25806451613
"1005","1012",63,2363.15873015873
"1005","1013",89,4088.32584269663
"1005","1014",30,3001.53333333333
"1005","1015",142,1532.97887323944
"1005","1016",130,3833.86923076923
"1005","1017",169,4068.16568047337
"1005","1018",66,1665.22727272727
"1005","1019",306,4147.28104575163
"1005","1020",6,1495
"1005","1021",24,4402.95833333333
"1005","1022",3,31412
"1005","1023",3,1460.33333333333
"1005","1024",1,2157
"1005","1025",2,1906
"1005","1026",1,2381
"1005","1027",1,2862
"1005","1028",3,2973
"1005","1029",3,8704
"1005","1030",0,0
"1005","1031",0,0
"1005","1032",6,3816.5
"1005","1033",5,3060.6
"1005","1034",5,4843.6
"1005","1035",9,12336.6666666667
"1005","1036",12,10080.25
"1005","1037",4,4718.75
"1005","1038",4,1525.5
"1005","1039",6,17442
"1005","1040",11,1532.36363636364
"1005","1041",9,3221.44444444444
"1005","1042",3,680
"1005","1043",17,5255.76470588235
"1005","1044",9,1199
"1005","1045",122,3417.70491803279
"1005","1046",99,3640.64646464646
"1005","1047",72,1980.08333333333
"1005","1048",165,1738.04848484848
"1005","1049",328,1456.60670731707
"1005","1050",43,13878.511627907
"1005","1061",28,4164.35714285714
"1006","1000",114,2934.0350877193
"1006","1001",130,4744.53846153846
"1006","1002",33,3392.84848484848
"1006","1003",52,1466.15384615385
"1006","1004",68,2920.32352941176
"1006","1005",48,2337.72916666667
"1006","1006",677,5190.84490398818
"1006","1007",64,3540.140625
"1006","1008",222,2421.33783783784
"1006","1009",50,3563.9
"1006","1010",102,3213.29411764706
"1006","1011",28,3472.64285714286
"1006","1012",65,4055.76923076923
"1006","1013",115,4800.54782608696
"1006","1014",74,2164.66216216216
"1006","1015",102,2294.82352941176
"1006","1016",219,3572.87214611872
"1006","1017",291,1822.91065292096
"1006","1018",91,1484.38461538462
"1006","1019",77,3731.25974025974
"1006","1020",2,2455.5
"1006","1021",4,2141.5
"1006","1022",3,2170.66666666667
"1006","1023",6,2349.66666666667
"1006","1024",3,2029.33333333333
"1006","1025",2,2801.5
"1006","1026",1,5963
"1006","1027",0,0
"1006","1028",1,2342
"1006","1029",0,0
"1006","1030",2,2381.5
"1006","1031",1,2316
"1006","1032",1,57005
"1006","1033",10,15622.9
"1006","1034",1,1648
"1006","1035",4,1714.75
"1006","1036",32,3785.5625
"1006","1037",11,6903.09090909091
"1006","1038",38,2056.44736842105
"1006","1039",4,6836.5
"1006","1040",35,1981.54285714286
"1006","1041",9,1838.66666666667
"1006","1042",8,1526.875
"1006","1043",6,1293.83333333333
"1006","1044",123,2367.47154471545
"1006","1045",291,2850.25773195876
"1006","1046",51,3102.07843137255
"1006","1047",76,2153.22368421053
"1006","1048",252,2979.32936507937
"1006","1049",731,1556.7195622435
"1006","1050",2,38251.5
"1006","1061",19,1616.10526315789
"1007","1000",145,3396.35862068966
"1007","1001",348,1751.63218390805
"1007","1002",61,2129.90163934426
"1007","1003",55,3717.69090909091
"1007","1004",34,7655.38235294118
"1007","1005",165,4030.61212121212
"1007","1006",84,2381.39285714286
"1007","1007",581,4729.76936316695
"1007","1008",10,3434.2
"1007","1009",15,7627.6
"1007","1010",70,2332.98571428571
"1007","1011",22,6003.36363636364
"1007","1012",71,4532.15492957746
"1007","1013",38,3453.60526315789
"1007","1014",4,1119.5
"1007","1015",40,1487.5
"1007","1016",52,2017.61538461538
"1007","1017",60,2057.48333333333
"1007","1018",10,3178.9
"1007","1019",23,3107.21739130435
"1007","1020",2,1908.5
"1007","1021",0,0
"1007","1022",0,0
"1007","1023",3,1839.33333333333
"1007","1024",26,1499.84615384615
"1007","1025",2,9173
"1007","1026",3,7887.33333333333
"1007","1027",3,5350.33333333333
"1007","1028",2,41637
"1007","1029",0,0
"1007","1030",0,0
"1007","1031",1,1551
"1007","1032",0,0
"1007","1033",14,4143.78571428571
"1007","1034",3,2139.33333333333
"1007","1035",7,3039.14285714286
"1007","1036",30,2069.06666666667
"1007","1037",11,2748.63636363636
"1007","1038",9,2512.55555555556
"1007","1039",72,2039.56944444444
"1007","1040",19,9211.05263157895
"1007","1041",35,1875.08571428571
"1007","1042",3,1096
"1007","1043",32,3254.4375
"1007","1044",20,1107.45
"1007","1045",97,2003.30927835052
"1007","1046",53,1527.54716981132
"1007","1047",179,3463.48044692737
"1007","1048",276,1691.07608695652
"1007","1049",198,3278.90909090909
"1007","1050",3,12766.3333333333
"1007","1061",2,1280.5
"1008","1000",132,5541.84848484848
"1008","1001",247,3264.48987854251
"1008","1002",39,1143.66666666667
"1008","1003",29,4180.1724137931
"1008","1004",61,2982.50819672131
"1008","1005",48,2053.14583333333
"1008","1006",407,1642.457002457
"1008","1007",13,5987.30769230769
"1008","1008",256,6618.72265625
"1008","1009",33,2029.39393939394
"1008","1010",100,1421.17
"1008","1011",52,1294.55769230769
"1008","1012",57,3550.73684210526
"1008","1013",46,1879.19565217391
"1008","1014",7,1646.28571428571
"1008","1015",34,5469.26470588235
"1008","1016",112,2141.00892857143
"1008","1017",73,1993.13698630137
"1008","1018",16,2140.75
"1008","1019",49,1594.79591836735
"1008","1020",1,1663
"1008","1021",0,0
"1008","1022",1,2561
"1008","1023",0,0
"1008","1024",0,0
"1008","1025",0,0
"1008","1026",0,0
"1008","1027",0,0
"1008","1028",4,3018.25
"1008","1029",1,4431
"1008","1030",0,0
"1008","1031",0,0
"1008","1032",0,0
"1008","1033",4,5833.75
"1008","1034",1,1071
"1008","1035",0,0
"1008","1036",3,2202.66666666667
"1008","1037",6,3013.16666666667
"1008","1038",0,0
"1008","1039",0,0
"1008","1040",1,2323
"1008","1041",10,1946.4
"1008","1042",8,2765
"1008","1043",3,4099.66666666667
"1008","1044",3,1152.66666666667
"1008","1045",12,3349.08333333333
"1008","1046",7,2088
"1008","1047",20,1557.3
"1008","1048",38,2663.13157894737
"1008","1049",44,3198.75
"1008","1050",1,59756
"1008","1061",5,9324.4
"1009","1000",309,2629.95792880259
"1009","1001",427,2430.36768149883
"1009","1002",65,2158.36923076923
"1009","1003",62,2069.24193548387
"1009","1004",21,4900.09523809524
"1009","1005",50,3039.48
"1009","1006",70,7148.77142857143
"1009","1007",16,1523.75
"1009","1008",27,4633.33333333333
"1009","1009",1100,5228.92909090909
"1009","1010",216,5213.61111111111
"1009","1011",100,4065.87
"1009","1012",119,4488.41176470588
"1009","1013",177,2850.37288135593
"1009","1014",39,446.179487179487
"1009","1015",66,2424.68181818182
"1009","1016",275,3429.73818181818
"1009","1017",415,2804.60963855422
"1009","1018",118,3760.37288135593
"1009","1019",189,3645.90476190476
"1009","1020",27,6091.14814814815
"1009","1021",23,3186.21739130435
"1009","1022",11,9534.81818181818
"1009","1023",4,2020.5
"1009","1024",2,3525
"1009","1025",6,2665.66666666667
"1009","1026",5,2339.4
"1009","1027",0,0
"1009","1028",0,0
"1009","1029",3,2432.66666666667
"1009","1030",1,2385
"1009","1031",0,0
"1009","1032",1,1784
"1009","1033",6,66112.1666666667
"1009","1034",2,1959.5
"1009","1035",7,6405.85714285714
"1009","1036",4,24208.75
"1009","1037",6,4532.66666666667
"1009","1038",1,2529
"1009","1039",9,7445.44444444444
"1009","1040",0,0
"1009","1041",4,1441.25
"1009","1042",0,0
"1009","1043",5,3591
"1009","1044",2,5616
"1009","1045",32,5788.75
"1009","1046",8,2386.5
"1009","1047",34,1747.79411764706
"1009","1048",16,1643.75
"1009","1049",68,3262.95588235294
"1009","1050",33,8859.54545454545
"1009","1061",40,3265.275
"1010","1000",541,2846.87245841035
"1010","1001",469,3296.93176972281
"1010","1002",65,3548
"1010","1003",153,2862.6862745098
"1010","1004",59,3153.01694915254
"1010","1005",73,6508.1095890411
"1010","1006",59,4694.77966101695
"1010","1007",49,3238.4693877551
"1010","1008",25,5856.4
"1010","1009",176,7191.19318181818
"1010","1010",2665,5981.13020637899
"1010","1011",205,4558.01951219512
"1010","1012",332,4877.21084337349
"1010","1013",394,3553.58883248731
"1010","1014",93,2070.60215053763
"1010","1015",322,4182.72049689441
"1010","1016",934,1857.1573875803
"1010","1017",1566,1632.56066411239
"1010","1018",443,2177.21670428894
"1010","1019",581,3358.48709122203
"1010","1020",46,15491.6739130435
"1010","1021",37,4711.89189189189
"1010","1022",19,15351.4210526316
"1010","1023",17,8306.76470588235
"1010","1024",5,2763.8
"1010","1025",19,5253.68421052632
"1010","1026",14,2165.28571428571
"1010","1027",1,1872
"1010","1028",5,22220
"1010","1029",0,0
"1010","1030",6,24634.3333333333
"1010","1031",8,2654.875
"1010","1032",1,2305
"1010","1033",9,7638.11111111111
"1010","1034",12,9232.58333333333
"1010","1035",8,3902.625
"1010","1036",14,9235.92857142857
"1010","1037",9,2896.11111111111
"1010","1038",10,6762.2
"1010","1039",2,32623
"1010","1040",5,10215.8
"1010","1041",14,3858.85714285714
"1010","1042",1,39664
"1010","1043",8,2058.75
"1010","1044",8,1596.5
"1010","1045",133,3696.0977443609
"1010","1046",100,3437.5
"1010","1047",93,2303.09677419355
"1010","1048",102,2686.22549019608
"1010","1049",165,3022.10909090909
"1010","1050",64,9192.703125
"1010","1061",188,1911.82978723404
"1011","1000",130,4675.64615384615
"1011","1001",139,8350.8417266187
"1011","1002",26,6294.07692307692
"1011","1003",23,2706.91304347826
"1011","1004",27,3729.03703703704
"1011","1005",24,9744.04166666667
"1011","1006",25,5649.56
"1011","1007",10,2531.1
"1011","1008",8,2284.75
"1011","1009",47,3296.3829787234
"1011","1010",219,5902.7397260274
"1011","1011",1495,5107.66488294314
"1011","1012",257,4031.07782101167
"1011","1013",293,4671.03412969283
"1011","1014",84,2801.40476190476
"1011","1015",272,1694.375
"1011","1016",206,2539.47572815534
"1011","1017",438,4088.43607305936
"1011","1018",133,2150.75939849624
"1011","1019",202,3234.78217821782
"1011","1020",17,6978
"1011","1021",16,4333.4375
"1011","1022",5,14483
"1011","1023",2,2241
"1011","1024",5,5165
"1011","1025",4,24434.75
"1011","1026",6,6138.66666666667
"1011","1027",3,4785
"1011","1028",1,1973
"1011","1029",6,3573.16666666667
"1011","1030",4,3190.25
"1011","1031",2,2518
"1011","1032",8,5577.375
"1011","1033",7,15388.5714285714
"1011","1034",0,0
"1011","1035",3,2933.33333333333
"1011","1036",8,15529.25
"1011","1037",3,4446.66666666667
"1011","1038",2,6938.5
"1011","1039",3,2242.66666666667
"1011","1040",2,1801.5
"1011","1041",4,23245.75
"1011","1042",0,0
"1011","1043",8,5778
"1011","1044",6,3667.33333333333
"1011","1045",79,4496.49367088608
"1011","1046",21,3477.38095238095
"1011","1047",20,5599.25
"1011","1048",31,2907.74193548387
"1011","1049",73,2013.84931506849
"1011","1050",23,18992.4782608696
"1011","1061",34,4789.26470588235
"1012","1000",472,3631.82203389831
"1012","1001",538,3151.84014869888
"1012","1002",101,3476.0297029703
"1012","1003",75,3789.48
"1012","1004",47,4969.78723404255
"1012","1005",34,3728.38235294118
"1012","1006",67,3981.31343283582
"1012","1007",61,4684.59016393443
"1012","1008",35,1696.54285714286
"1012","1009",94,2320.17021276596
"1012","1010",321,4913.33644859813
"1012","1011",226,3498.85398230089
"1012","1012",5244,5630.70289855072
"1012","1013",444,4567.72747747748
"1012","1014",137,2219.13868613139
"1012","1015",114,6793.61403508772
"1012","1016",189,2617.25396825397
"1012","1017",307,2870.96416938111
"1012","1018",90,8562.56666666667
"1012","1019",196,4770.10204081633
"1012","1020",12,15117.0833333333
"1012","1021",9,19068.8888888889
"1012","1022",8,4328
"1012","1023",4,9617.25
"1012","1024",3,16880
"1012","1025",6,22957.8333333333
"1012","1026",8,8969.25
"1012","1027",3,38181.3333333333
"1012","1028",2,24655
"1012","1029",8,13138.5
"1012","1030",4,16186.25
"1012","1031",2,7212
"1012","1032",3,2879.66666666667
"1012","1033",12,4660.83333333333
"1012","1034",2,2457
"1012","1035",6,19434.1666666667
"1012","1036",8,21380
"1012","1037",2,8835.5
"1012","1038",6,5233.16666666667
"1012","1039",11,2807.72727272727
"1012","1040",3,28440.6666666667
"1012","1041",3,3009.66666666667
"1012","1042",1,1319
"1012","1043",3,3079.33333333333
"1012","1044",10,3418.9
"1012","1045",206,3422.43689320388
"1012","1046",45,6436.11111111111
"1012","1047",83,4689.10843373494
"1012","1048",98,4888.11224489796
"1012","1049",191,4993.28272251309
"1012","1050",13,27622.7692307692
"1012","1061",29,3153.20689655172
"1013","1000",424,3187.625
"1013","1001",612,1807.71895424837
"1013","1002",83,3502.86746987952
"1013","1003",89,1760.13483146067
"1013","1004",45,2123.95555555556
"1013","1005",55,2812.87272727273
"1013","1006",74,2277.52702702703
"1013","1007",29,1875.13793103448
"1013","1008",29,3798.79310344828
"1013","1009",160,3456.3375
"1013","1010",401,2838.43142144638
"1013","1011",200,3934.45
"1013","1012",531,5360.35404896422
"1013","1013",3154,5542.22035510463
"1013","1014",98,2342.37755102041
"1013","1015",204,3036.15196078431
"1013","1016",246,1821.93495934959
"1013","1017",520,2741.64038461538
"1013","1018",275,2449.56363636364
"1013","1019",352,3586.75568181818
"1013","1020",16,35631.25
"1013","1021",12,6116.16666666667
"1013","1022",6,29804.5
"1013","1023",7,2962.71428571429
"1013","1024",5,2766
"1013","1025",12,2099.58333333333
"1013","1026",9,11784.3333333333
"1013","1027",0,0
"1013","1028",0,0
"1013","1029",1,1774
"1013","1030",0,0
"1013","1031",3,17698.3333333333
"1013","1032",3,21345.6666666667
"1013","1033",10,3579.1
"1013","1034",5,22033
"1013","1035",5,4722.8
"1013","1036",18,5671.66666666667
"1013","1037",8,4820.75
"1013","1038",7,14149
"1013","1039",4,2823.25
"1013","1040",2,2433
"1013","1041",5,2238
"1013","1042",3,28086
"1013","1043",7,1878.57142857143
"1013","1044",18,5985.61111111111
"1013","1045",95,6405.01052631579
"1013","1046",111,4279.12612612613
"1013","1047",67,4787.50746268657
"1013","1048",114,2237.36842105263
"1013","1049",377,3293.60477453581
"1013","1050",40,24176
"1013","1061",85,2368.03529411765
"1014","1000",140,4506.43571428571
"1014","1001",157,1654.0127388535
"1014","1002",24,1530.625
"1014","1003",18,2232.27777777778
"1014","1004",36,943.583333333333
"1014","1005",31,1334
"1014","1006",70,981.7
"1014","1007",4,1044.5
"1014","1008",2,8665.5
"1014","1009",6,1210.16666666667
"1014","1010",115,1795.72173913043
"1014","1011",97,2275.73195876289
"1014","1012",231,2925.63636363636
"1014","1013",159,4432.32075471698
"1014","1014",895,6922.54972067039
"1014","1015",133,2610.54887218045
"1014","1016",64,7408.5625
"1014","1017",108,3758.84259259259
"1014","1018",25,2892.08
"1014","1019",33,2468.57575757576
"1014","1020",5,2582
"1014","1021",3,3315
"1014","1022",3,22300
"1014","1023",2,2384.5
"1014","1024",2,4282.5
"1014","1025",1,3280
"1014","1026",2,3585
"1014","1027",0,0
"1014","1028",2,13301.5
"1014","1029",3,12752.6666666667
"1014","1030",0,0
"1014","1031",0,0
"1014","1032",2,7221.5
"1014","1033",4,23845
"1014","1034",1,3150
"1014","1035",0,0
"1014","1036",2,3502.5
"1014","1037",3,8160.33333333333
"1014","1038",1,1948
"1014","1039",0,0
"1014","1040",1,2578
"1014","1041",9,3456.44444444444
"1014","1042",1,1337
"1014","1043",1,14252
"1014","1044",1,2296
"1014","1045",30,3567.46666666667
"1014","1046",13,8505.30769230769
"1014","1047",8,1875.625
"1014","1048",11,2641.54545454545
"1014","1049",15,2614.86666666667
"1014","1050",7,19910.4285714286
"1014","1061",5,2589.8
"1015","1000",213,2308.56338028169
"1015","1001",419,2150.6968973747
"1015","1002",112,1438.47321428571
"1015","1003",33,4321.60606060606
"1015","1004",31,1772.35483870968
"1015","1005",133,1677.99248120301
"1015","1006",119,1862.87394957983
"1015","1007",12,1445.16666666667
"1015","1008",20,4301.55
"1015","1009",57,7390.77192982456
"1015","1010",313,4476.15335463259
"1015","1011",238,3053.09663865546
"1015","1012",224,4216.60267857143
"1015","1013",269,3222.97026022305
"1015","1014",122,2262.48360655738
"1015","1015",1523,6193.51936966513
"1015","1016",182,4612.48351648352
"1015","1017",142,2101.60563380282
"1015","1018",40,3991.05
"1015","1019",59,3669.77966101695
"1015","1020",2,35154.5
"1015","1021",20,2027.6
"1015","1022",17,2767.76470588235
"1015","1023",3,9134
"1015","1024",1,2448
"1015","1025",3,4511.33333333333
"1015","1026",1,3233
"1015","1027",0,0
"1015","1028",2,2483
"1015","1029",0,0
"1015","1030",0,0
"1015","1031",2,4367.5
"1015","1032",0,0
"1015","1033",1,8639
"1015","1034",1,4630
"1015","1035",3,3121
"1015","1036",6,4022.33333333333
"1015","1037",1,3319
"1015","1038",2,10483.5
"1015","1039",4,22963.5
"1015","1040",1,2372
"1015","1041",7,3264.57142857143
"1015","1042",0,0
"1015","1043",2,2057
"1015","1044",4,2043.25
"1015","1045",67,4864.28358208955
"1015","1046",10,2682.8
"1015","1047",28,2361.64285714286
"1015","1048",31,2879.32258064516
"1015","1049",126,1789.36507936508
"1015","1050",4,74346.5
"1015","1061",23,3759.5652173913
"1016","1000",591,1918.40778341794
"1016","1001",662,2400.54380664653
"1016","1002",89,3832.75280898876
"1016","1003",226,1926.51327433628
"1016","1004",45,10415.6888888889
"1016","1005",149,1825.24832214765
"1016","1006",170,3660.95882352941
"1016","1007",56,4620.53571428571
"1016","1008",40,5800.05
"1016","1009",133,2670.36842105263
"1016","1010",994,1784.79376257545
"1016","1011",174,3797.80459770115
"1016","1012",221,4131.77828054299
"1016","1013",250,2370.06
"1016","1014",54,3079.35185185185
"1016","1015",164,2185.87804878049
"1016","1016",839,6024.14302741359
"1016","1017",176,6053.82954545455
"1016","1018",119,1459.26050420168
"1016","1019",206,3460.78640776699
"1016","1020",13,2375.76923076923
"1016","1021",39,5144.71794871795
"1016","1022",10,4675.2
"1016","1023",11,1774.90909090909
"1016","1024",21,1774.85714285714
"1016","1025",13,9713.92307692308
"1016","1026",13,1969.30769230769
"1016","1027",3,2706.66666666667
"1016","1028",3,12670.6666666667
"1016","1029",4,17473.5
"1016","1030",4,15317.25
"1016","1031",53,1744.11320754717
"1016","1032",4,2997
"1016","1033",6,2198.16666666667
"1016","1034",6,2940
"1016","1035",7,3929.85714285714
"1016","1036",7,7163.85714285714
"1016","1037",5,4689.2
"1016","1038",4,13301.75
"1016","1039",9,2531.88888888889
"1016","1040",3,7678
"1016","1041",9,4779.11111111111
"1016","1042",1,6797
"1016","1043",8,13158.625
"1016","1044",4,3236
"1016","1045",63,3466.22222222222
"1016","1046",35,2739.57142857143
"1016","1047",25,3538.36
"1016","1048",59,4223.64406779661
"1016","1049",88,3598.76136363636
"1016","1050",37,7639.21621621622
"1016","1061",55,2939.8
"1017","1000",1087,2549.83164673413
"1017","1001",936,2322.82799145299
"1017","1002",120,2210.18333333333
"1017","1003",128,4002.5625
"1017","1004",58,2351.03448275862
"1017","1005",146,2595.13698630137
"1017","1006",164,2768.90853658537
"1017","1007",43,2501.41860465116
"1017","1008",40,8775.825
"1017","1009",208,2403.45673076923
"1017","1010",1271,1763.18174665618
"1017","1011",348,3018.5775862069
"1017","1012",388,3576.60567010309
"1017","1013",535,3434.82803738318
"1017","1014",77,3994.42857142857
"1017","1015",139,4502.87050359712
"1017","1016",211,6082.72037914692
"1017","1017",2184,5973.20879120879
"1017","1018",348,3243.60632183908
"1017","1019",566,2962.62014134276
"1017","1020",42,3946.04761904762
"1017","1021",70,3587.88571428571
"1017","1022",25,2281.44
"1017","1023",25,1868.12
"1017","1024",8,2931
"1017","1025",13,9607
"1017","1026",15,3948.26666666667
"1017","1027",10,2696.5
"1017","1028",12,8171.5
"1017","1029",8,3595.25
"1017","1030",16,1792.0625
"1017","1031",4,2961.25
"1017","1032",10,10407.4
"1017","1033",24,7134.91666666667
"1017","1034",7,4622.28571428571
"1017","1035",14,13466.4285714286
"1017","1036",19,6666.68421052632
"1017","1037",15,3511.13333333333
"1017","1038",3,2514
"1017","1039",4,21201.25
"1017","1040",7,12553.4285714286
"1017","1041",12,3237.08333333333
"1017","1042",1,6421
"1017","1043",6,5461.16666666667
"1017","1044",7,2829.85714285714
"1017","1045",134,5187.18656716418
"1017","1046",30,6891.53333333333
"1017","1047",27,6965
"1017","1048",66,3903.68181818182
"1017","1049",109,3568.09174311927
"1017","1050",84,8033.75
"1017","1061",119,3183.50420168067
"1018","1000",161,3217.44720496894
"1018","1001",334,2297.00898203593
"1018","1002",32,3756.4375
"1018","1003",24,2388.04166666667
"1018","1004",9,2705.11111111111
"1018","1005",61,3124
"1018","1006",47,1477.97872340426
"1018","1007",4,1915.75
"1018","1008",2,1607
"1018","1009",47,3090.10638297872
"1018","1010",333,1980.47447447447
"1018","1011",118,2645.20338983051
"1018","1012",98,5159.9387755102
"1018","1013",155,3126.43225806452
"1018","1014",17,2915.58823529412
"1018","1015",49,3256.14285714286
"1018","1016",101,1546.28712871287
"1018","1017",375,1411.86133333333
"1018","1018",692,5713.72398843931
"1018","1019",154,4255.36363636364
"1018","1020",24,1464.625
"1018","1021",16,6878.3125
"1018","1022",9,8052.11111111111
"1018","1023",14,3269.85714285714
"1018","1024",5,2491.4
"1018","1025",8,1521.75
"1018","1026",13,1415.23076923077
"1018","1027",2,1583.5
"1018","1028",2,1668.5
"1018","1029",7,1757.42857142857
"1018","1030",8,1286.75
"1018","1031",5,4242.2
"1018","1032",1,1453
"1018","1033",11,2455.45454545455
"1018","1034",4,1662
"1018","1035",6,2716.5
"1018","1036",8,4828.375
"1018","1037",0,0
"1018","1038",3,2076.33333333333
"1018","1039",1,1306
"1018","1040",3,1879.66666666667
"1018","1041",27,1893.51851851852
"1018","1042",0,0
"1018","1043",2,2151.5
"1018","1044",3,28341.6666666667
"1018","1045",24,5064.08333333333
"1018","1046",14,11800.5
"1018","1047",8,3278
"1018","1048",15,16737.8666666667
"1018","1049",28,2240.60714285714
"1018","1050",58,7947.01724137931
"1018","1061",25,3400.72
"1019","1000",231,4717.79653679654
"1019","1001",278,3421.10071942446
"1019","1002",52,1868.98076923077
"1019","1003",45,4658.75555555556
"1019","1004",14,9476.07142857143
"1019","1005",264,2370.62878787879
"1019","1006",40,5392.15
"1019","1007",3,1358.33333333333
"1019","1008",4,11639
"1019","1009",89,2638.40449438202
"1019","1010",323,2671.7399380805
"1019","1011",144,3435.00694444444
"1019","1012",228,4556.9298245614
"1019","1013",365,3278.02191780822
"1019","1014",35,3029.17142857143
"1019","1015",83,5152.49397590361
"1019","1016",186,2529.70967741935
"1019","1017",578,3278.01903114187
"1019","1018",168,2822.33333333333
"1019","1019",1356,7770.71238938053
"1019","1020",28,5610.17857142857
"1019","1021",24,4419.08333333333
"1019","1022",35,4304.17142857143
"1019","1023",62,2472.54838709677
"1019","1024",30,2035.33333333333
"1019","1025",73,1707
"1019","1026",27,2320.85185185185
"1019","1027",8,3146
"1019","1028",12,5125.5
"1019","1029",10,1786.9
"1019","1030",22,1626.13636363636
"1019","1031",10,3204.3
"1019","1032",9,3218.44444444444
"1019","1033",21,1684.38095238095
"1019","1034",5,1357.6
"1019","1035",14,2289.57142857143
"1019","1036",12,3427.08333333333
"1019","1037",8,5935.5
"1019","1038",0,0
"1019","1039",4,1785
"1019","1040",6,1472.16666666667
"1019","1041",16,7347.125
"1019","1042",1,2284
"1019","1043",9,12960.3333333333
"1019","1044",3,1787.66666666667
"1019","1045",45,4773.93333333333
"1019","1046",9,5109.77777777778
"1019","1047",28,3400.57142857143
"1019","1048",48,5976.89583333333
"1019","1049",48,6528.66666666667
"1019","1050",75,9969.62666666667
"1019","1061",55,5052.45454545455
"1020","1000",344,1583.55813953488
"1020","1001",68,4109.79411764706
"1020","1002",44,3768.72727272727
"1020","1003",8,2947.25
"1020","1004",2,1497
"1020","1005",18,1195.72222222222
"1020","1006",15,2840.26666666667
"1020","1007",3,1323.33333333333
"1020","1008",2,1686
"1020","1009",48,1535.45833333333
"1020","1010",149,1977.14093959732
"1020","1011",25,1787.08
"1020","1012",44,4217.63636363636
"1020","1013",62,3883.95161290323
"1020","1014",12,2577
"1020","1015",18,3520.66666666667
"1020","1016",81,1430.24691358025
"1020","1017",141,1554.13475177305
"1020","1018",45,1957.15555555556
"1020","1019",310,3099.8935483871
"1020","1020",259,4503.1583011583
"1020","1021",66,4984.62121212121
"1020","1022",59,1511.13559322034
"1020","1023",239,2617.81171548117
"1020","1024",60,1818.38333333333
"1020","1025",124,860.104838709677
"1020","1026",206,1706.71844660194
"1020","1027",33,6622.75757575758
"1020","1028",126,2062.83333333333
"1020","1029",30,1653.66666666667
"1020","1030",45,794.8
"1020","1031",63,1591.15873015873
"1020","1032",59,1094.20338983051
"1020","1033",149,1036.48322147651
"1020","1034",48,820.395833333333
"1020","1035",73,901.958904109589
"1020","1036",49,3512.9387755102
"1020","1037",26,1423.65384615385
"1020","1038",4,21767.75
"1020","1039",16,2498.375
"1020","1040",32,4050.53125
"1020","1041",55,3404.21818181818
"1020","1042",2,9324
"1020","1043",12,1276.25
"1020","1044",4,21823.5
"1020","1045",14,2705.78571428571
"1020","1046",2,3145
"1020","1047",5,33480
"1020","1048",6,2312.66666666667
"1020","1049",22,2078.77272727273
"1020","1050",42,11792.0714285714
"1020","1061",52,2368.36538461538
"1021","1000",78,2261.05128205128
"1021","1001",103,3737.77669902913
"1021","1002",67,3015.5671641791
"1021","1003",45,4218.82222222222
"1021","1004",11,1293
"1021","1005",46,1267.91304347826
"1021","1006",18,1492
"1021","1007",3,1668.33333333333
"1021","1008",4,3711
"1021","1009",28,2161.42857142857
"1021","1010",180,2068.37222222222
"1021","1011",48,5792.41666666667
"1021","1012",46,4364.45652173913
"1021","1013",50,3525.14
"1021","1014",6,1715.16666666667
"1021","1015",29,2757.48275862069
"1021","1016",48,3684.66666666667
"1021","1017",165,1437.1696969697
"1021","1018",82,1502.48780487805
"1021","1019",211,2224.22748815166
"1021","1020",37,1187.54054054054
"1021","1021",258,6018.14341085271
"1021","1022",83,3427.96385542169
"1021","1023",99,840.080808080808
"1021","1024",39,2565.28205128205
"1021","1025",68,1813.83823529412
"1021","1026",279,1771.04659498208
"1021","1027",15,841.133333333333
"1021","1028",50,1126.52
"1021","1029",28,1297.78571428571
"1021","1030",71,1128.05633802817
"1021","1031",27,698
"1021","1032",23,865.782608695652
"1021","1033",122,1445.33606557377
"1021","1034",65,633.523076923077
"1021","1035",54,1041.01851851852
"1021","1036",72,2330.77777777778
"1021","1037",127,1024.85039370079
"1021","1038",5,2264.8
"1021","1039",12,5976
"1021","1040",36,3099.36111111111
"1021","1041",48,4555.97916666667
"1021","1042",0,0
"1021","1043",33,567.787878787879
"1021","1044",7,6573.28571428571
"1021","1045",26,6758.96153846154
"1021","1046",2,1540.5
"1021","1047",6,2398.66666666667
"1021","1048",18,7424.5
"1021","1049",20,2839.4
"1021","1050",244,1151.3893442623
"1021","1061",41,1873.46341463415
"1022","1000",56,3028.71428571429
"1022","1001",91,4096.86813186813
"1022","1002",9,2631.11111111111
"1022","1003",6,3664.16666666667
"1022","1004",6,1861.33333333333
"1022","1005",37,2021.21621621622
"1022","1006",12,1836.83333333333
"1022","1007",1,1200
"1022","1008",3,1567
"1022","1009",53,1877.1320754717
"1022","1010",115,3319.98260869565
"1022","1011",6,1556
"1022","1012",26,6156.69230769231
"1022","1013",42,2584.64285714286
"1022","1014",11,2546.27272727273
"1022","1015",30,13691.8333333333
"1022","1016",61,8478.18032786885
"1022","1017",76,2942.27631578947
"1022","1018",70,2742.12857142857
"1022","1019",210,1953.69047619048
"1022","1020",68,7322.07352941176
"1022","1021",111,1747.78378378378
"1022","1022",303,4144.43234323432
"1022","1023",90,1308.64444444444
"1022","1024",83,1836.18072289157
"1022","1025",58,870.655172413793
"1022","1026",106,3000.34905660377
"1022","1027",18,16312.6111111111
"1022","1028",72,1600.79166666667
"1022","1029",34,8355.41176470588
"1022","1030",68,795.352941176471
"1022","1031",57,3452.78947368421
"1022","1032",31,6529.8064516129
"1022","1033",190,1615.92631578947
"1022","1034",72,769.444444444444
"1022","1035",65,3305.66153846154
"1022","1036",112,1719.63392857143
"1022","1037",115,854.469565217391
"1022","1038",22,2926.31818181818
"1022","1039",15,1203.93333333333
"1022","1040",91,2744.76923076923
"1022","1041",71,5718.23943661972
"1022","1042",0,0
"1022","1043",22,595.409090909091
"1022","1044",7,1201.57142857143
"1022","1045",37,2230.89189189189
"1022","1046",15,2244.53333333333
"1022","1047",8,13567.5
"1022","1048",2,9293.5
"1022","1049",10,2797
"1022","1050",13,20410.1538461538
"1022","1061",17,10417.4117647059
"1023","1000",37,3822.62162162162
"1023","1001",35,3342.88571428571
"1023","1002",3,2764.33333333333
"1023","1003",6,3345.66666666667
"1023","1004",4,3469
"1023","1005",4,2314.5
"1023","1006",11,2021.72727272727
"1023","1007",3,1691.33333333333
"1023","1008",0,0
"1023","1009",7,3153
"1023","1010",48,2843.27083333333
"1023","1011",29,3068.72413793103
"1023","1012",17,9348.76470588235
"1023","1013",17,7620.64705882353
"1023","1014",1,2359
"1023","1015",34,1997.79411764706
"1023","1016",31,3827.8064516129
"1023","1017",81,3618.37037037037
"1023","1018",59,2595.47457627119
"1023","1019",151,1702.03973509934
"1023","1020",206,875.058252427184
"1023","1021",136,1673.375
"1023","1022",94,3714.06382978723
"1023","1023",431,4860.19721577726
"1023","1024",32,2997.28125
"1023","1025",29,1458.68965517241
"1023","1026",121,546.644628099174
"1023","1027",25,7097.84
"1023","1028",72,1602.73611111111
"1023","1029",74,753.486486486486
"1023","1030",69,898.811594202899
"1023","1031",37,1085.59459459459
"1023","1032",48,999.479166666667
"1023","1033",126,5875.99206349206
"1023","1034",87,2289.11494252874
"1023","1035",130,852.469230769231
"1023","1036",54,1625.46296296296
"1023","1037",70,3415.48571428571
"1023","1038",9,1286.11111111111
"1023","1039",16,1128.1875
"1023","1040",124,1811.20967741935
"1023","1041",243,1320.670781893
"1023","1042",2,1257
"1023","1043",21,1488.66666666667
"1023","1044",11,6755.90909090909
"1023","1045",34,3369.44117647059
"1023","1046",2,2809
"1023","1047",11,7797.18181818182
"1023","1048",14,2479.35714285714
"1023","1049",2,2724
"1023","1050",5,17982.2
"1023","1061",10,1735.2
"1024","1000",25,6327.04
"1024","1001",20,8677.35
"1024","1002",3,1970.66666666667
"1024","1003",6,20015.1666666667
"1024","1004",2,2830.5
"1024","1005",6,14238.8333333333
"1024","1006",78,1651.97435897436
"1024","1007",4,7289.5
"1024","1008",7,7975.28571428571
"1024","1009",2,6924.5
"1024","1010",30,2615.26666666667
"1024","1011",9,2479.11111111111
"1024","1012",11,4821.63636363636
"1024","1013",8,2593.875
"1024","1014",5,24161.6
"1024","1015",6,21914.8333333333
"1024","1016",28,2027.10714285714
"1024","1017",22,8807.81818181818
"1024","1018",19,2608.57894736842
"1024","1019",60,2430.15
"1024","1020",102,2041.44117647059
"1024","1021",42,3816.16666666667
"1024","1022",45,808.066666666667
"1024","1023",44,3200.22727272727
"1024","1024",356,4944.49157303371
"1024","1025",47,1925
"1024","1026",110,1945.71818181818
"1024","1027",32,916.25
"1024","1028",37,1193.2972972973
"1024","1029",79,1959.11392405063
"1024","1030",52,1229.57692307692
"1024","1031",15,1058.93333333333
"1024","1032",47,1583.31914893617
"1024","1033",136,1720.38970588235
"1024","1034",88,2442.63636363636
"1024","1035",42,2306.64285714286
"1024","1036",31,1485.87096774194
"1024","1037",66,1373.4696969697
"1024","1038",5,2314.6
"1024","1039",24,1330.125
"1024","1040",79,773.392405063291
"1024","1041",35,1179.28571428571
"1024","1042",2,2116.5
"1024","1043",34,2011.76470588235
"1024","1044",57,1074.52631578947
"1024","1045",3,2086
"1024","1046",2,4772
"1024","1047",5,2666
"1024","1048",0,0
"1024","1049",1,1904
"1024","1050",17,10492.8823529412
"1024","1061",3,4646.66666666667
"1025","1000",28,3129.46428571429
"1025","1001",448,2225.90848214286
"1025","1002",9,2291.88888888889
"1025","1003",13,10947
"1025","1004",1,2175
"1025","1005",6,3996.5
"1025","1006",3,1360.33333333333
"1025","1007",6,14306.8333333333
"1025","1008",0,0
"1025","1009",16,1805.8125
"1025","1010",43,2770.53488372093
"1025","1011",11,2107
"1025","1012",13,2982.61538461538
"1025","1013",28,2136.28571428571
"1025","1014",0,0
"1025","1015",2,2422.5
"1025","1016",22,2528.13636363636
"1025","1017",44,3633.09090909091
"1025","1018",39,1238.23076923077
"1025","1019",225,2591.03111111111
"1025","1020",106,1365.5
"1025","1021",76,3023.77631578947
"1025","1022",65,2306.98461538462
"1025","1023",33,1430.12121212121
"1025","1024",46,2844.19565217391
"1025","1025",284,7743.94718309859
"1025","1026",264,1960.70454545455
"1025","1027",23,1230.91304347826
"1025","1028",56,1357.875
"1025","1029",47,939.212765957447
"1025","1030",88,697.863636363636
"1025","1031",17,864.352941176471
"1025","1032",9,1151
"1025","1033",82,3370.5487804878
"1025","1034",42,795.52380952381
"1025","1035",27,2480.88888888889
"1025","1036",29,2755.31034482759
"1025","1037",18,2073.44444444444
"1025","1038",0,0
"1025","1039",3,2749.66666666667
"1025","1040",47,1191.85106382979
"1025","1041",73,1487.90410958904
"1025","1042",0,0
"1025","1043",11,7595.27272727273
"1025","1044",23,1056.17391304348
"1025","1045",10,2772.1
"1025","1046",1,1778
"1025","1047",2,1799
"1025","1048",6,14378.6666666667
"1025","1049",4,4655.25
"1025","1050",20,18677.05
"1025","1061",25,12021.8
"1026","1000",310,2497.95806451613
"1026","1001",50,2646.74
"1026","1002",2,5630
"1026","1003",2,2429
"1026","1004",0,0
"1026","1005",2,1596.5
"1026","1006",4,4505.75
"1026","1007",1,2058
"1026","1008",2,2559
"1026","1009",6,1905.16666666667
"1026","1010",10,5496.5
"1026","1011",8,1778
"1026","1012",21,7284.66666666667
"1026","1013",29,4377.96551724138
"1026","1014",3,5061
"1026","1015",10,7579.4
"1026","1016",7,4096.28571428571
"1026","1017",28,8850.78571428571
"1026","1018",26,1789.84615384615
"1026","1019",105,2531.57142857143
"1026","1020",122,3078.31147540984
"1026","1021",205,1199.13658536585
"1026","1022",105,1097.34285714286
"1026","1023",81,2545.66666666667
"1026","1024",106,856.792452830189
"1026","1025",65,2630.55384615385
"1026","1026",315,5279.24126984127
"1026","1027",17,2167.64705882353
"1026","1028",60,805.633333333333
"1026","1029",41,4350.36585365854
"1026","1030",38,1283.31578947368
"1026","1031",26,723.923076923077
"1026","1032",40,4539.825
"1026","1033",105,973.066666666667
"1026","1034",73,4846.64383561644
"1026","1035",45,7139.93333333333
"1026","1036",48,1718.16666666667
"1026","1037",51,2900.29411764706
"1026","1038",2,1266.5
"1026","1039",10,7311.2
"1026","1040",26,5412.5
"1026","1041",24,1613.91666666667
"1026","1042",0,0
"1026","1043",14,1603.5
"1026","1044",29,1644.10344827586
"1026","1045",9,11311.5555555556
"1026","1046",6,11973
"1026","1047",4,3284.5
"1026","1048",7,3099.14285714286
"1026","1049",0,0
"1026","1050",10,20932
"1026","1061",15,3413.06666666667
"1027","1000",12,6550.5
"1027","1001",9,14110.7777777778
"1027","1002",0,0
"1027","1003",1,8506
"1027","1004",4,6259
"1027","1005",1,32392
"1027","1006",1,1965
"1027","1007",0,0
"1027","1008",1,1570
"1027","1009",1,8728
"1027","1010",6,6002.16666666667
"1027","1011",15,2401.73333333333
"1027","1012",3,9318.66666666667
"1027","1013",4,2816.5
"1027","1014",0,0
"1027","1015",1,2690
"1027","1016",3,1779
"1027","1017",27,2721.44444444444
"1027","1018",6,1309.5
"1027","1019",10,1583.3
"1027","1020",35,1186
"1027","1021",14,1128.57142857143
"1027","1022",21,1106.2380952381
"1027","1023",33,3108.12121212121
"1027","1024",40,1034.6
"1027","1025",42,5718.88095238095
"1027","1026",11,1707.63636363636
"1027","1027",255,6349.50588235294
"1027","1028",197,538.878172588833
"1027","1029",120,1037.34166666667
"1027","1030",49,928.122448979592
"1027","1031",55,525.8
"1027","1032",96,1101.30208333333
"1027","1033",183,1132.24590163934
"1027","1034",124,2114.10483870968
"1027","1035",91,1991.28571428571
"1027","1036",26,1400.88461538462
"1027","1037",76,1383.05263157895
"1027","1038",15,16481.6666666667
"1027","1039",6,1849.83333333333
"1027","1040",40,1034.425
"1027","1041",32,4834.65625
"1027","1042",0,0
"1027","1043",34,1503.67647058824
"1027","1044",5,1360
"1027","1045",15,3304.93333333333
"1027","1046",0,0
"1027","1047",1,2244
"1027","1048",3,1777
"1027","1049",0,0
"1027","1050",0,0
"1027","1061",1,11505
"1028","1000",16,11320.875
"1028","1001",10,4332.6
"1028","1002",11,3264.09090909091
"1028","1003",6,5548.33333333333
"1028","1004",12,2737.33333333333
"1028","1005",1,1417
"1028","1006",3,2339.66666666667
"1028","1007",0,0
"1028","1008",0,0
"1028","1009",2,20509.5
"1028","1010",13,3916.92307692308
"1028","1011",3,2762
"1028","1012",12,3548.41666666667
"1028","1013",8,2730.375
"1028","1014",4,3330.75
"1028","1015",2,14870
"1028","1016",4,2716.25
"1028","1017",6,3702.66666666667
"1028","1018",16,2068.875
"1028","1019",24,3146.66666666667
"1028","1020",84,1312.89285714286
"1028","1021",67,1465.59701492537
"1028","1022",53,2614.32075471698
"1028","1023",65,3294.24615384615
"1028","1024",30,1787.66666666667
"1028","1025",31,1110.90322580645
"1028","1026",60,2190.98333333333
"1028","1027",133,1169.57142857143
"1028","1028",627,4556.45773524721
"1028","1029",493,912.352941176471
"1028","1030",43,2202.79069767442
"1028","1031",50,3986.32
"1028","1032",258,2846.01550387597
"1028","1033",254,816.11811023622
"1028","1034",109,2354.09174311927
"1028","1035",33,1893.87878787879
"1028","1036",76,5859.75
"1028","1037",32,1586.84375
"1028","1038",35,1410.05714285714
"1028","1039",6,1335.16666666667
"1028","1040",34,2590.73529411765
"1028","1041",211,1467.81516587678
"1028","1042",0,0
"1028","1043",39,1566.79487179487
"1028","1044",3,14019.6666666667
"1028","1045",15,7477.6
"1028","1046",2,1861
"1028","1047",2,15073.5
"1028","1048",2,2263.5
"1028","1049",7,5607.57142857143
"1028","1050",5,6365.4
"1028","1061",1,1778
"1029","1000",20,6560.55
"1029","1001",11,5946.54545454545
"1029","1002",4,3449.5
"1029","1003",5,5662.6
"1029","1004",0,0
"1029","1005",3,30110
"1029","1006",2,3032.5
"1029","1007",3,1892
"1029","1008",0,0
"1029","1009",5,2213
"1029","1010",9,4210
"1029","1011",9,4702.55555555556
"1029","1012",15,6390.6
"1029","1013",17,7492.29411764706
"1029","1014",1,117
"1029","1015",1,7507
"1029","1016",4,1900
"1029","1017",35,3928.25714285714
"1029","1018",18,1656.11111111111
"1029","1019",30,5993.23333333333
"1029","1020",33,4544.75757575758
"1029","1021",33,2815.57575757576
"1029","1022",36,2733.30555555556
"1029","1023",98,3114.81632653061
"1029","1024",83,2379.96385542169
"1029","1025",30,729.4
"1029","1026",45,2337.37777777778
"1029","1027",80,1149.05
"1029","1028",721,646.871012482663
"1029","1029",496,3862.32661290323
"1029","1030",25,4666.32
"1029","1031",94,3127.64893617021
"1029","1032",114,2175.98245614035
"1029","1033",327,2779.77064220184
"1029","1034",194,900.159793814433
"1029","1035",62,1413.5
"1029","1036",51,3490.13725490196
"1029","1037",47,3109.27659574468
"1029","1038",9,2420.22222222222
"1029","1039",11,1552.72727272727
"1029","1040",120,1143.875
"1029","1041",201,1634.10447761194
"1029","1042",0,0
"1029","1043",9,1256.66666666667
"1029","1044",10,2153.7
"1029","1045",23,2638.08695652174
"1029","1046",7,2896.57142857143
"1029","1047",5,2606.6
"1029","1048",6,2408.83333333333
"1029","1049",3,2285
"1029","1050",0,0
"1029","1061",3,1878.33333333333
"1030","1000",6,3869.66666666667
"1030","1001",11,8692.27272727273
"1030","1002",1,1722
"1030","1003",4,26469.5
"1030","1004",2,3266
"1030","1005",0,0
"1030","1006",5,20079
"1030","1007",1,1651
"1030","1008",3,2899
"1030","1009",1,1351
"1030","1010",7,4469
"1030","1011",4,3610.5
"1030","1012",2,2452.5
"1030","1013",5,2051.6
"1030","1014",1,2602
"1030","1015",0,0
"1030","1016",14,2829
"1030","1017",23,2937.52173913043
"1030","1018",16,7984.4375
"1030","1019",27,1869.77777777778
"1030","1020",19,1522.63157894737
"1030","1021",70,2009.6
"1030","1022",78,1821.75641025641
"1030","1023",99,1426.93939393939
"1030","1024",78,2869.66666666667
"1030","1025",29,2861
"1030","1026",33,4389.48484848485
"1030","1027",20,1011.6
"1030","1028",38,1167
"1030","1029",16,1308.0625
"1030","1030",179,3554.64245810056
"1030","1031",10,2959.6
"1030","1032",42,1231.52380952381
"1030","1033",46,1385.58695652174
"1030","1034",59,2121.76271186441
"1030","1035",35,3539.42857142857
"1030","1036",19,2484.68421052632
"1030","1037",22,1706.45454545455
"1030","1038",4,1458.75
"1030","1039",7,1630.28571428571
"1030","1040",10,1032
"1030","1041",17,1764.41176470588
"1030","1042",0,0
"1030","1043",12,10551.6666666667
"1030","1044",4,1487.5
"1030","1045",3,1594.66666666667
"1030","1046",0,0
"1030","1047",1,1578
"1030","1048",2,3057.5
"1030","1049",1,1413
"1030","1050",2,78630
"1030","1061",0,0
"1031","1000",17,6573.82352941176
"1031","1001",21,11347.619047619
"1031","1002",6,17931.6666666667
"1031","1003",0,0
"1031","1004",2,3697.5
"1031","1005",0,0
"1031","1006",6,5398.66666666667
"1031","1007",1,1250
"1031","1008",1,2132
"1031","1009",3,3131.33333333333
"1031","1010",12,8371.91666666667
"1031","1011",7,3519.42857142857
"1031","1012",9,4015.55555555556
"1031","1013",7,51955
"1031","1014",2,2566
"1031","1015",2,5187.5
"1031","1016",64,2305.15625
"1031","1017",40,2812.025
"1031","1018",21,2036.42857142857
"1031","1019",34,2202.47058823529
"1031","1020",55,3830.85454545455
"1031","1021",28,796.035714285714
"1031","1022",37,6523.75675675676
"1031","1023",70,3789.47142857143
"1031","1024",10,392.9
"1031","1025",5,23003.4
"1031","1026",26,805.5
"1031","1027",41,601.09756097561
"1031","1028",43,4541.25581395349
"1031","1029",86,927.325581395349
"1031","1030",11,816.636363636364
"1031","1031",445,3513.64494382022
"1031","1032",147,1755.85714285714
"1031","1033",82,1117.96341463415
"1031","1034",139,1417.43165467626
"1031","1035",101,1557.9801980198
"1031","1036",65,2165.86153846154
"1031","1037",36,1942.25
"1031","1038",26,1096.73076923077
"1031","1039",22,2249.59090909091
"1031","1040",65,2124.27692307692
"1031","1041",105,2092.48571428571
"1031","1042",0,0
"1031","1043",11,1576.90909090909
"1031","1044",11,1271.72727272727
"1031","1045",28,4052.07142857143
"1031","1046",3,57644
"1031","1047",7,1228.71428571429
"1031","1048",4,1916.5
"1031","1049",9,4825.44444444444
"1031","1050",5,1757.2
"1031","1061",4,1205.25
"1032","1000",28,4299.92857142857
"1032","1001",53,7101.81132075472
"1032","1002",52,5359.13461538462
"1032","1003",15,7622.53333333333
"1032","1004",40,2505.25
"1032","1005",6,2946.83333333333
"1032","1006",80,3630.5625
"1032","1007",0,0
"1032","1008",2,3497.5
"1032","1009",4,24917.75
"1032","1010",110,2474.93636363636
"1032","1011",5,14218
"1032","1012",12,4781.66666666667
"1032","1013",8,2975
"1032","1014",1,11131
"1032","1015",8,6411.75
"1032","1016",6,1789.66666666667
"1032","1017",29,2773.1724137931
"1032","1018",12,2043.75
"1032","1019",27,3024.33333333333
"1032","1020",54,2608.46296296296
"1032","1021",24,966.166666666667
"1032","1022",22,828
"1032","1023",63,743.84126984127
"1032","1024",41,4438.75609756098
"1032","1025",8,9869
"1032","1026",59,2647.98305084746
"1032","1027",96,2230.94791666667
"1032","1028",315,830.066666666667
"1032","1029",137,2132.94890510949
"1032","1030",65,2398.4
"1032","1031",289,950.173010380623
"1032","1032",678,4011.80530973451
"1032","1033",216,2664.9212962963
"1032","1034",118,801.661016949153
"1032","1035",155,1351.06451612903
"1032","1036",144,1495.91666666667
"1032","1037",244,2016.10245901639
"1032","1038",4,1307.25
"1032","1039",7,20960.5714285714
"1032","1040",54,1072.64814814815
"1032","1041",92,1414.48913043478
"1032","1042",0,0
"1032","1043",25,2482.12
"1032","1044",4,1181.75
"1032","1045",21,3276
"1032","1046",12,3859.75
"1032","1047",16,2029.125
"1032","1048",11,1988.90909090909
"1032","1049",3,2875.33333333333
"1032","1050",2,27761.5
"1032","1061",1,1579
"1033","1000",63,4173.74603174603
"1033","1001",33,5429.90909090909
"1033","1002",12,8098.5
"1033","1003",13,4299.07692307692
"1033","1004",14,2705.85714285714
"1033","1005",4,2154.5
"1033","1006",28,3060.71428571429
"1033","1007",6,1988.33333333333
"1033","1008",2,1600
"1033","1009",1,938
"1033","1010",59,3048.94915254237
"1033","1011",19,3237.52631578947
"1033","1012",15,10221.7333333333
"1033","1013",35,4876.82857142857
"1033","1014",2,3318
"1033","1015",11,3430.18181818182
"1033","1016",25,4260.84
"1033","1017",98,3763.74489795918
"1033","1018",33,3227.27272727273
"1033","1019",96,4930.63541666667
"1033","1020",87,1079.65517241379
"1033","1021",88,2490.23863636364
"1033","1022",109,3309.23853211009
"1033","1023",125,2226.64
"1033","1024",168,1879.0119047619
"1033","1025",76,2524.68421052632
"1033","1026",134,4441.67910447761
"1033","1027",183,1135.01092896175
"1033","1028",240,2167.15416666667
"1033","1029",509,1251.39489194499
"1033","1030",64,2790.984375
"1033","1031",231,1503.01298701299
"1033","1032",186,2138.43548387097
"1033","1033",705,4450.45106382979
"1033","1034",319,1115.51097178683
"1033","1035",275,2023.88363636364
"1033","1036",142,2456.91549295775
"1033","1037",166,1414.42168674699
"1033","1038",27,6382.2962962963
"1033","1039",87,5431.95402298851
"1033","1040",112,2230.70535714286
"1033","1041",313,2482.58466453674
"1033","1042",0,0
"1033","1043",55,2465.52727272727
"1033","1044",23,1480.60869565217
"1033","1045",39,7341.4358974359
"1033","1046",17,3001.17647058824
"1033","1047",2,2146
"1033","1048",15,4971.8
"1033","1049",10,1978.7
"1033","1050",7,43044.5714285714
"1033","1061",1,1005
"1034","1000",20,3634.8
"1034","1001",21,3889.2380952381
"1034","1002",5,2557
"1034","1003",8,2474.375
"1034","1004",29,1929.79310344828
"1034","1005",2,3200.5
"1034","1006",6,2536.16666666667
"1034","1007",7,1832.28571428571
"1034","1008",1,1515
"1034","1009",8,15247.375
"1034","1010",12,2420.16666666667
"1034","1011",10,4438.2
"1034","1012",11,4771.09090909091
"1034","1013",7,8110.85714285714
"1034","1014",1,3357
"1034","1015",0,0
"1034","1016",13,3412.46153846154
"1034","1017",42,2484.40476190476
"1034","1018",10,9470.1
"1034","1019",35,6602.25714285714
"1034","1020",27,1813.25925925926
"1034","1021",64,3889.3125
"1034","1022",44,607.409090909091
"1034","1023",100,1328.49
"1034","1024",121,798.190082644628
"1034","1025",8,1067.625
"1034","1026",91,3637.6043956044
"1034","1027",170,1380.14705882353
"1034","1028",124,1119.81451612903
"1034","1029",181,1533.18232044199
"1034","1030",57,1327.59649122807
"1034","1031",154,1520.3961038961
"1034","1032",100,2027.92
"1034","1033",467,2032.12205567452
"1034","1034",546,4049.32600732601
"1034","1035",55,2625.78181818182
"1034","1036",107,3001.09345794393
"1034","1037",477,1263.98951781971
"1034","1038",47,2811.76595744681
"1034","1039",65,1480.04615384615
"1034","1040",114,1276.88596491228
"1034","1041",179,1317.08938547486
"1034","1042",3,56570
"1034","1043",18,760.444444444444
"1034","1044",21,4279.19047619048
"1034","1045",71,3220.02816901408
"1034","1046",26,1461.61538461538
"1034","1047",16,5326.9375
"1034","1048",12,2661.25
"1034","1049",6,6034.66666666667
"1034","1050",4,39200
"1034","1061",4,1409
"1035","1000",54,6611.53703703704
"1035","1001",16,3779.0625
"1035","1002",9,3609.11111111111
"1035","1003",14,4667.42857142857
"1035","1004",45,2036.97777777778
"1035","1005",12,2098.25
"1035","1006",10,1353.7
"1035","1007",10,1021
"1035","1008",2,1890
"1035","1009",4,6454.75
"1035","1010",9,11501.4444444444
"1035","1011",9,4921
"1035","1012",10,12968.8
"1035","1013",9,4232.44444444444
"1035","1014",3,2220
"1035","1015",5,1988.4
"1035","1016",13,4474.30769230769
"1035","1017",25,2187.6
"1035","1018",16,15673.5
"1035","1019",46,5038.5
"1035","1020",91,1654.49450549451
"1035","1021",44,3969
"1035","1022",48,2096.4375
"1035","1023",269,1428.18587360595
"1035","1024",89,3346.95505617978
"1035","1025",20,1096.95
"1035","1026",59,2116.71186440678
"1035","1027",86,1032.26744186047
"1035","1028",78,1085.03846153846
"1035","1029",84,2460.84523809524
"1035","1030",21,4453.09523809524
"1035","1031",109,1839.17431192661
"1035","1032",232,2468.93534482759
"1035","1033",284,2268.21830985915
"1035","1034",76,1434.98684210526
"1035","1035",532,4928.08458646617
"1035","1036",151,3046.27152317881
"1035","1037",373,1316.84450402145
"1035","1038",101,1982.07920792079
"1035","1039",97,1472.41237113402
"1035","1040",32,4814.03125
"1035","1041",244,1385
"1035","1042",1,1215
"1035","1043",44,2797.27272727273
"1035","1044",49,651.857142857143
"1035","1045",47,3330.10638297872
"1035","1046",6,2777.5
"1035","1047",11,1739.27272727273
"1035","1048",10,2044.6
"1035","1049",17,1928.35294117647
"1035","1050",3,33499.6666666667
"1035","1061",3,20470.6666666667
"1036","1000",101,6959.52475247525
"1036","1001",66,5413.13636363636
"1036","1002",18,3946.27777777778
"1036","1003",21,3832.52380952381
"1036","1004",66,2112.54545454545
"1036","1005",18,10659.5
"1036","1006",13,6431.30769230769
"1036","1007",32,6268.59375
"1036","1008",2,2435
"1036","1009",3,24060.6666666667
"1036","1010",20,5695.7
"1036","1011",13,5097.76923076923
"1036","1012",27,11693.4074074074
"1036","1013",11,2857.90909090909
"1036","1014",3,19856
"1036","1015",7,11853.1428571429
"1036","1016",10,3738.8
"1036","1017",31,3303.48387096774
"1036","1018",17,6172.94117647059
"1036","1019",36,3134.97222222222
"1036","1020",22,1938.72727272727
"1036","1021",53,1560.56603773585
"1036","1022",78,2815.94871794872
"1036","1023",67,3861.62686567164
"1036","1024",64,1380.609375
"1036","1025",19,2689.78947368421
"1036","1026",40,1613.8
"1036","1027",34,2467.26470588235
"1036","1028",45,2815.48888888889
"1036","1029",70,1507.82857142857
"1036","1030",20,1447.55
"1036","1031",83,1057.4578313253
"1036","1032",101,2015.52475247525
"1036","1033",178,2782.8202247191
"1036","1034",90,2278.64444444444
"1036","1035",128,2898.9921875
"1036","1036",2030,4547.44729064039
"1036","1037",259,3964.87258687259
"1036","1038",617,1201.2074554295
"1036","1039",197,2444.30964467005
"1036","1040",72,4813.75
"1036","1041",160,2979.90625
"1036","1042",1,82247
"1036","1043",83,3314.84337349398
"1036","1044",106,3153.37735849057
"1036","1045",140,3902.78571428571
"1036","1046",17,1647.58823529412
"1036","1047",35,4018.08571428571
"1036","1048",21,2824.14285714286
"1036","1049",27,4212.44444444444
"1036","1050",6,27677.1666666667
"1036","1061",1,8085
"1037","1000",57,6172.0350877193
"1037","1001",21,5512.14285714286
"1037","1002",10,7605.2
"1037","1003",12,6567.91666666667
"1037","1004",177,1874.07344632768
"1037","1005",12,3262
"1037","1006",19,7062.31578947368
"1037","1007",13,7459.53846153846
"1037","1008",3,1380.33333333333
"1037","1009",0,0
"1037","1010",10,6422
"1037","1011",15,8419.33333333333
"1037","1012",6,3549.5
"1037","1013",8,4463.75
"1037","1014",0,0
"1037","1015",3,4000.33333333333
"1037","1016",28,4551.82142857143
"1037","1017",10,3394.9
"1037","1018",5,18370.2
"1037","1019",51,1510.94117647059
"1037","1020",16,1467.0625
"1037","1021",50,1176.32
"1037","1022",96,900.822916666667
"1037","1023",57,2204.10526315789
"1037","1024",49,4679.65306122449
"1037","1025",3,2009.33333333333
"1037","1026",75,1885.97333333333
"1037","1027",51,2875.05882352941
"1037","1028",33,2144.57575757576
"1037","1029",42,2883.09523809524
"1037","1030",26,1755.69230769231
"1037","1031",33,2247.57575757576
"1037","1032",125,3212.64
"1037","1033",122,2007.5
"1037","1034",452,966.619469026549
"1037","1035",325,1339.09230769231
"1037","1036",281,4176.67259786477
"1037","1037",1039,4841.6323387873
"1037","1038",897,486.642140468227
"1037","1039",89,3381.52808988764
"1037","1040",63,2379.44444444444
"1037","1041",166,2628.01807228916
"1037","1042",1,5953
"1037","1043",70,2744.02857142857
"1037","1044",41,830.780487804878
"1037","1045",57,3890.70175438596
"1037","1046",16,2602.625
"1037","1047",15,1893.93333333333
"1037","1048",12,3043.5
"1037","1049",6,2542.83333333333
"1037","1050",1,160275
"1037","1061",5,12969.8
"1038","1000",47,4606.65957446809
"1038","1001",25,5846.12
"1038","1002",11,2603.09090909091
"1038","1003",14,1997.78571428571
"1038","1004",333,1125.30630630631
"1038","1005",11,2290.63636363636
"1038","1006",56,1571.39285714286
"1038","1007",9,1214.55555555556
"1038","1008",1,3806
"1038","1009",5,3084.4
"1038","1010",74,5030.2027027027
"1038","1011",9,3710.44444444444
"1038","1012",16,4313.9375
"1038","1013",15,3648.53333333333
"1038","1014",0,0
"1038","1015",2,1635.5
"1038","1016",5,2791.8
"1038","1017",3,1929.33333333333
"1038","1018",1,4253
"1038","1019",3,1721
"1038","1020",2,1398.5
"1038","1021",6,1653.66666666667
"1038","1022",13,1190.76923076923
"1038","1023",13,1253.53846153846
"1038","1024",6,1318.16666666667
"1038","1025",1,2132
"1038","1026",3,20357
"1038","1027",24,1854.375
"1038","1028",18,1592.05555555556
"1038","1029",8,6283.125
"1038","1030",6,28603.3333333333
"1038","1031",26,4661.15384615385
"1038","1032",4,12792.5
"1038","1033",19,2757.47368421053
"1038","1034",59,954.661016949153
"1038","1035",109,751.412844036697
"1038","1036",683,605.8682284041
"1038","1037",929,707.685683530678
"1038","1038",529,3921.41965973535
"1038","1039",121,2817.00826446281
"1038","1040",302,549.701986754967
"1038","1041",1314,553.926179604262
"1038","1042",0,0
"1038","1043",159,1830.33962264151
"1038","1044",44,2571.20454545455
"1038","1045",126,3718.7619047619
"1038","1046",38,4202.68421052632
"1038","1047",18,1892.94444444444
"1038","1048",24,3642.04166666667
"1038","1049",18,6159.72222222222
"1038","1050",3,73747.6666666667
"1038","1061",0,0
"1039","1000",85,4026.70588235294
"1039","1001",44,3420.88636363636
"1039","1002",23,3039.95652173913
"1039","1003",30,3981.96666666667
"1039","1004",24,8264
"1039","1005",3,1539
"1039","1006",6,24694.3333333333
"1039","1007",165,1281.00606060606
"1039","1008",1,983
"1039","1009",10,8461.9
"1039","1010",11,4057.81818181818
"1039","1011",9,3474.66666666667
"1039","1012",37,6457.35135135135
"1039","1013",17,8269.64705882353
"1039","1014",1,1733
"1039","1015",3,2650.66666666667
"1039","1016",23,2892.47826086957
"1039","1017",14,8696.64285714286
"1039","1018",6,2677.5
"1039","1019",5,5152.8
"1039","1020",11,1218.09090909091
"1039","1021",20,1863.05
"1039","1022",15,1800.13333333333
"1039","1023",34,1345.23529411765
"1039","1024",72,2255.44444444444
"1039","1025",0,0
"1039","1026",0,0
"1039","1027",13,5055.07692307692
"1039","1028",15,5457.06666666667
"1039","1029",15,1942.26666666667
"1039","1030",2,1560.5
"1039","1031",31,3573.61290322581
"1039","1032",10,1521.1
"1039","1033",81,2674.02469135802
"1039","1034",45,2372.15555555556
"1039","1035",102,2147.79411764706
"1039","1036",162,1587.66049382716
"1039","1037",48,2554.16666666667
"1039","1038",212,2283.58490566038
"1039","1039",637,3938.50235478807
"1039","1040",154,1422.55194805195
"1039","1041",578,594.468858131488
"1039","1042",0,0
"1039","1043",25,4967.8
"1039","1044",46,5468.04347826087
"1039","1045",233,3023.74678111588
"1039","1046",59,2494.03389830508
"1039","1047",48,2846.5
"1039","1048",43,2098.83720930233
"1039","1049",28,2327.28571428571
"1039","1050",16,7853.125
"1039","1061",1,2489
"1040","1000",29,6201.79310344828
"1040","1001",13,5681.38461538462
"1040","1002",8,2490.75
"1040","1003",9,2275.22222222222
"1040","1004",12,1665.25
"1040","1005",12,3038.83333333333
"1040","1006",14,1659.42857142857
"1040","1007",7,5617.57142857143
"1040","1008",5,1874.4
"1040","1009",2,1758
"1040","1010",14,2046
"1040","1011",6,3030.66666666667
"1040","1012",6,4320.16666666667
"1040","1013",8,21997.125
"1040","1014",7,5209.57142857143
"1040","1015",7,4547.71428571429
"1040","1016",11,2210.18181818182
"1040","1017",28,1858.17857142857
"1040","1018",27,1642.81481481481
"1040","1019",24,4553.79166666667
"1040","1020",36,1611.33333333333
"1040","1021",42,5418.2380952381
"1040","1022",88,1473.46590909091
"1040","1023",199,1284.70351758794
"1040","1024",95,1596.58947368421
"1040","1025",25,7730.52
"1040","1026",55,1859.98181818182
"1040","1027",66,2574.45454545455
"1040","1028",89,1280.93258426966
"1040","1029",124,2489.04838709677
"1040","1030",34,4074.91176470588
"1040","1031",84,1925.47619047619
"1040","1032",98,1458.34693877551
"1040","1033",215,1635.54418604651
"1040","1034",139,836.906474820144
"1040","1035",53,3109.58490566038
"1040","1036",94,2742.54255319149
"1040","1037",93,920.215053763441
"1040","1038",264,522.640151515152
"1040","1039",168,1748.55952380952
"1040","1040",348,5405.57183908046
"1040","1041",132,3930.39393939394
"1040","1042",3,2040.66666666667
"1040","1043",102,2106.13725490196
"1040","1044",74,1747.44594594595
"1040","1045",50,2363.4
"1040","1046",10,5052.4
"1040","1047",28,1018.25
"1040","1048",8,4618.5
"1040","1049",9,3195.44444444444
"1040","1050",6,3134
"1040","1061",2,1301.5
"1041","1000",92,4282.67391304348
"1041","1001",70,3313.82857142857
"1041","1002",11,3285.45454545455
"1041","1003",17,2162.64705882353
"1041","1004",156,2663.6858974359
"1041","1005",17,4068.41176470588
"1041","1006",84,4286.45238095238
"1041","1007",96,713.927083333333
"1041","1008",13,2143.92307692308
"1041","1009",7,1929
"1041","1010",35,6910.68571428571
"1041","1011",12,9353.25
"1041","1012",32,10953.59375
"1041","1013",26,9275.38461538462
"1041","1014",1,1778
"1041","1015",10,2739.1
"1041","1016",11,2890.63636363636
"1041","1017",31,4201.51612903226
"1041","1018",25,4864.2
"1041","1019",27,2266.07407407407
"1041","1020",35,2836.82857142857
"1041","1021",63,1658.09523809524
"1041","1022",59,3301.01694915254
"1041","1023",202,1376.41089108911
"1041","1024",126,2459.50793650794
"1041","1025",61,2830.54098360656
"1041","1026",33,1681.81818181818
"1041","1027",45,3555.48888888889
"1041","1028",154,2067.35714285714
"1041","1029",210,1409.2380952381
"1041","1030",20,1645.8
"1041","1031",88,2653.53409090909
"1041","1032",72,3254.875
"1041","1033",286,2662.74125874126
"1041","1034",177,1996.13559322034
"1041","1035",184,2812.61413043478
"1041","1036",202,3996.4603960396
"1041","1037",121,1562.01652892562
"1041","1038",1185,828.859915611814
"1041","1039",506,1411.63833992095
"1041","1040",97,1632.38144329897
"1041","1041",701,5003.13552068474
"1041","1042",4,2093.5
"1041","1043",63,5265.95238095238
"1041","1044",368,1194.78804347826
"1041","1045",205,2417.09756097561
"1041","1046",66,2284.83333333333
"1041","1047",97,1242.14432989691
"1041","1048",60,2142.4
"1041","1049",36,1818.30555555556
"1041","1050",8,24232
"1041","1061",1,2457
"1042","1000",50,2348.7
"1042","1001",44,5635.68181818182
"1042","1002",6,717
"1042","1003",102,757.892156862745
"1042","1004",1,2488
"1042","1005",20,685.85
"1042","1006",98,1755.25510204082
"1042","1007",15,502.2
"1042","1008",28,1522.75
"1042","1009",9,2771.88888888889
"1042","1010",14,1289.42857142857
"1042","1011",13,896.846153846154
"1042","1012",4,2051.75
"1042","1013",2,1184.5
"1042","1014",0,0
"1042","1015",0,0
"1042","1016",1,1144
"1042","1017",5,13040
"1042","1018",2,15403.5
"1042","1019",41,1760.68292682927
"1042","1020",2,1620.5
"1042","1021",2,1207.5
"1042","1022",18,1014.94444444444
"1042","1023",4,1489.5
"1042","1024",2,2669.5
"1042","1025",0,0
"1042","1026",1,2402
"1042","1027",1,1245
"1042","1028",0,0
"1042","1029",0,0
"1042","1030",1,51211
"1042","1031",3,1153
"1042","1032",0,0
"1042","1033",0,0
"1042","1034",1,1030
"1042","1035",0,0
"1042","1036",1,1272
"1042","1037",0,0
"1042","1038",0,0
"1042","1039",1,1246
"1042","1040",7,2070.28571428571
"1042","1041",13,2160.46153846154
"1042","1042",105,3290.28571428571
"1042","1043",2,1772
"1042","1044",0,0
"1042","1045",14,2378.57142857143
"1042","1046",4,606.25
"1042","1047",11,16339.9090909091
"1042","1048",5,984
"1042","1049",8,11418.125
"1042","1050",0,0
"1042","1061",1,1852
"1043","1000",51,5264.33333333333
"1043","1001",41,4292.92682926829
"1043","1002",18,8189.5
"1043","1003",14,2340.21428571429
"1043","1004",35,1613.74285714286
"1043","1005",21,2215.04761904762
"1043","1006",19,1835.57894736842
"1043","1007",24,4848.33333333333
"1043","1008",8,7189.75
"1043","1009",3,1240.66666666667
"1043","1010",21,2055.2380952381
"1043","1011",11,3814.18181818182
"1043","1012",16,5040.0625
"1043","1013",19,2652.05263157895
"1043","1014",2,3264.5
"1043","1015",9,2401.11111111111
"1043","1016",6,4222.66666666667
"1043","1017",5,2904.4
"1043","1018",2,5022.5
"1043","1019",10,1161.9
"1043","1020",6,1113.5
"1043","1021",16,749.875
"1043","1022",17,606.529411764706
"1043","1023",31,6812.74193548387
"1043","1024",60,939.283333333333
"1043","1025",7,931.857142857143
"1043","1026",11,1256.27272727273
"1043","1027",14,1714.92857142857
"1043","1028",26,1360.5
"1043","1029",11,1999.18181818182
"1043","1030",5,667
"1043","1031",29,1093.1724137931
"1043","1032",14,6069.21428571429
"1043","1033",52,1203
"1043","1034",54,1067.2037037037
"1043","1035",78,2792.32051282051
"1043","1036",98,2445.57142857143
"1043","1037",62,1481.27419354839
"1043","1038",162,1538.71604938272
"1043","1039",31,630.677419354839
"1043","1040",86,933.790697674419
"1043","1041",64,5941.5
"1043","1042",0,0
"1043","1043",265,3784.67924528302
"1043","1044",374,1021.50802139037
"1043","1045",117,1405.76923076923
"1043","1046",33,1361.24242424242
"1043","1047",63,2378.7619047619
"1043","1048",38,2109.47368421053
"1043","1049",33,5983.39393939394
"1043","1050",1,1734
"1043","1061",5,1416.6
"1044","1000",96,3559.92708333333
"1044","1001",111,2216.86486486487
"1044","1002",139,2046.25899280576
"1044","1003",140,2480.47857142857
"1044","1004",62,1665.46774193548
"1044","1005",17,1584.58823529412
"1044","1006",11,1933.90909090909
"1044","1007",10,10545.7
"1044","1008",5,1525.8
"1044","1009",3,1828.66666666667
"1044","1010",23,2523.52173913043
"1044","1011",16,7563
"1044","1012",19,2605.36842105263
"1044","1013",24,2209.45833333333
"1044","1014",0,0
"1044","1015",9,2097.88888888889
"1044","1016",13,3420.30769230769
"1044","1017",11,23403.0909090909
"1044","1018",1,1696
"1044","1019",8,3798
"1044","1020",4,1734.5
"1044","1021",4,1700.75
"1044","1022",11,1306.90909090909
"1044","1023",13,2250.07692307692
"1044","1024",11,1667
"1044","1025",2,5027.5
"1044","1026",18,1623.38888888889
"1044","1027",4,2326.25
"1044","1028",3,2011.33333333333
"1044","1029",2,1749
"1044","1030",1,1588
"1044","1031",5,1678.6
"1044","1032",2,1286.5
"1044","1033",29,4025.44827586207
"1044","1034",8,5201
"1044","1035",36,1318.16666666667
"1044","1036",103,2355.79611650485
"1044","1037",35,3032.31428571429
"1044","1038",22,2919.63636363636
"1044","1039",24,3876.79166666667
"1044","1040",67,570.626865671642
"1044","1041",290,857.944827586207
"1044","1042",2,5451
"1044","1043",63,3375.14285714286
"1044","1044",332,5464.23192771084
"1044","1045",300,2144.48333333333
"1044","1046",77,2644.72727272727
"1044","1047",40,2878.775
"1044","1048",41,2869.14634146341
"1044","1049",25,1661
"1044","1050",1,71486
"1044","1061",1,1462
"1045","1000",429,3109.64102564103
"1045","1001",295,3482.58305084746
"1045","1002",192,1869.41145833333
"1045","1003",294,2882.86394557823
"1045","1004",419,3681.40811455847
"1045","1005",68,2443.32352941176
"1045","1006",92,7539.8152173913
"1045","1007",105,2979.32380952381
"1045","1008",10,9194.9
"1045","1009",20,7083.45
"1045","1010",132,3429.70454545455
"1045","1011",101,3826.9702970297
"1045","1012",240,4581.54583333333
"1045","1013",152,3375.80921052632
"1045","1014",13,3771.30769230769
"1045","1015",54,8483.14814814815
"1045","1016",81,4670.03703703704
"1045","1017",155,4829.88387096774
"1045","1018",28,3967.39285714286
"1045","1019",33,4888.84848484848
"1045","1020",2,2897
"1045","1021",12,15918.3333333333
"1045","1022",15,3759.46666666667
"1045","1023",15,7045.53333333333
"1045","1024",8,2893.25
"1045","1025",2,47097.5
"1045","1026",5,21068.8
"1045","1027",3,27028
"1045","1028",6,2906.33333333333
"1045","1029",18,14382.8888888889
"1045","1030",5,2374.2
"1045","1031",13,3516.76923076923
"1045","1032",10,2827.7
"1045","1033",33,4235.39393939394
"1045","1034",41,1989.48780487805
"1045","1035",27,5165.92592592593
"1045","1036",87,3615.72413793103
"1045","1037",23,5061.65217391304
"1045","1038",44,10620.1363636364
"1045","1039",56,2171.375
"1045","1040",13,2297.23076923077
"1045","1041",40,6028.025
"1045","1042",3,16319
"1045","1043",98,1946.33673469388
"1045","1044",88,1967.77272727273
"1045","1045",6952,5752.87888377445
"1045","1046",225,5189.56888888889
"1045","1047",314,3707.09554140127
"1045","1048",793,2710.4552332913
"1045","1049",753,2735.20584329349
"1045","1050",10,22037.5
"1045","1061",11,2879.72727272727
"1046","1000",95,3613.05263157895
"1046","1001",150,2969.28666666667
"1046","1002",139,3088.51798561151
"1046","1003",273,2226.42490842491
"1046","1004",64,3026.640625
"1046","1005",85,3443.62352941176
"1046","1006",49,2909.73469387755
"1046","1007",31,6744.64516129032
"1046","1008",1,875
"1046","1009",13,5036
"1046","1010",139,3507.12230215827
"1046","1011",27,2439.92592592593
"1046","1012",82,3095
"1046","1013",98,4351.97959183673
"1046","1014",11,2499.72727272727
"1046","1015",19,5751.52631578947
"1046","1016",65,3303.2
"1046","1017",54,3067.61111111111
"1046","1018",5,5265.8
"1046","1019",15,6613.06666666667
"1046","1020",0,0
"1046","1021",2,10521.5
"1046","1022",7,2273.42857142857
"1046","1023",2,2138.5
"1046","1024",2,2036
"1046","1025",2,3084
"1046","1026",4,2855.25
"1046","1027",3,25243
"1046","1028",1,2143
"1046","1029",1,1881
"1046","1030",2,2010.5
"1046","1031",1,2245
"1046","1032",5,2199
"1046","1033",8,2225.375
"1046","1034",6,1563.5
"1046","1035",6,2999.83333333333
"1046","1036",17,6071.05882352941
"1046","1037",6,2396.33333333333
"1046","1038",17,1429.70588235294
"1046","1039",15,6305.2
"1046","1040",6,1830.16666666667
"1046","1041",15,6432
"1046","1042",0,0
"1046","1043",9,998.888888888889
"1046","1044",18,5734
"1046","1045",466,6018.08369098712
"1046","1046",1309,6078.69289533995
"1046","1047",154,4154.54545454545
"1046","1048",288,1820.64236111111
"1046","1049",282,3109.97872340426
"1046","1050",7,16150.8571428571
"1046","1061",8,2918.5
"1047","1000",281,2538.29893238434
"1047","1001",416,1888.98317307692
"1047","1002",199,1577.14070351759
"1047","1003",353,1722.85552407932
"1047","1004",44,3904.68181818182
"1047","1005",52,2721.98076923077
"1047","1006",30,1081.16666666667
"1047","1007",122,2016.54918032787
"1047","1008",14,1677.64285714286
"1047","1009",10,2501.6
"1047","1010",73,2724.30136986301
"1047","1011",25,1866.04
"1047","1012",97,4322.16494845361
"1047","1013",165,2345.57575757576
"1047","1014",11,2705.81818181818
"1047","1015",26,3125.53846153846
"1047","1016",64,4022.328125
"1047","1017",27,3693.37037037037
"1047","1018",6,2028.83333333333
"1047","1019",28,11824.4642857143
"1047","1020",1,779
"1047","1021",2,3253.5
"1047","1022",5,10353
"1047","1023",4,2176.25
"1047","1024",0,0
"1047","1025",2,4737.5
"1047","1026",1,2159
"1047","1027",0,0
"1047","1028",0,0
"1047","1029",3,11437
"1047","1030",0,0
"1047","1031",5,2793.8
"1047","1032",9,10493.1111111111
"1047","1033",9,3730.11111111111
"1047","1034",9,1508.44444444444
"1047","1035",6,1691.33333333333
"1047","1036",35,6883.28571428571
"1047","1037",3,5179
"1047","1038",5,1720.6
"1047","1039",10,2746.7
"1047","1040",12,2669.66666666667
"1047","1041",51,1280.96078431373
"1047","1042",1,2363
"1047","1043",68,1597.38235294118
"1047","1044",21,1321.33333333333
"1047","1045",357,3229.25770308123
"1047","1046",178,3985.50561797753
"1047","1047",1480,5013.73783783784
"1047","1048",234,3025.2735042735
"1047","1049",383,3993.88250652741
"1047","1050",3,3912.66666666667
"1047","1061",2,2098.5
"1048","1000",145,2838.64827586207
"1048","1001",330,2312.11515151515
"1048","1002",292,2368.14383561644
"1048","1003",150,1537.16666666667
"1048","1004",108,2576.38888888889
"1048","1005",122,2136.84426229508
"1048","1006",143,1617.52447552448
"1048","1007",268,1878.90298507463
"1048","1008",32,11082.46875
"1048","1009",17,5693
"1048","1010",99,2940.81818181818
"1048","1011",57,4010.43859649123
"1048","1012",140,5329.38571428571
"1048","1013",90,3345.25555555556
"1048","1014",18,5876.66666666667
"1048","1015",15,2831.13333333333
"1048","1016",97,3444.41237113402
"1048","1017",55,3397.65454545455
"1048","1018",19,3313.10526315789
"1048","1019",32,3954.15625
"1048","1020",2,6497
"1048","1021",10,2489.6
"1048","1022",3,2673
"1048","1023",3,1649.66666666667
"1048","1024",4,3914
"1048","1025",3,3696
"1048","1026",1,8171
"1048","1027",1,2525
"1048","1028",2,2953.5
"1048","1029",7,5564.71428571429
"1048","1030",0,0
"1048","1031",4,5233
"1048","1032",0,0
"1048","1033",9,2158.33333333333
"1048","1034",8,11768.5
"1048","1035",9,2708.77777777778
"1048","1036",10,4091
"1048","1037",7,3022.28571428571
"1048","1038",6,1657.16666666667
"1048","1039",13,12893.9230769231
"1048","1040",3,1709
"1048","1041",15,7950
"1048","1042",1,986
"1048","1043",13,1638.69230769231
"1048","1044",3,1289.66666666667
"1048","1045",798,2296.26441102757
"1048","1046",274,2127.63868613139
"1048","1047",204,3078.80392156863
"1048","1048",2181,5988.8633654287
"1048","1049",216,4491.93981481481
"1048","1050",4,5542.5
"1048","1061",6,2604.16666666667
"1049","1000",277,2934.50902527076
"1049","1001",466,1839.22103004292
"1049","1002",287,1678.64459930314
"1049","1003",363,1736.43250688705
"1049","1004",493,1331.63894523327
"1049","1005",306,1742.72222222222
"1049","1006",474,836.544303797468
"1049","1007",207,2417.6231884058
"1049","1008",27,1972.92592592593
"1049","1009",26,3776.15384615385
"1049","1010",127,3531.85039370079
"1049","1011",76,2907.63157894737
"1049","1012",166,3663.69879518072
"1049","1013",408,2284.15931372549
"1049","1014",27,5982.37037037037
"1049","1015",155,3247.43225806452
"1049","1016",110,2408.28181818182
"1049","1017",100,3611.96
"1049","1018",37,6332.5945945946
"1049","1019",47,6349.12765957447
"1049","1020",4,5061.25
"1049","1021",3,17566.6666666667
"1049","1022",2,2840.5
"1049","1023",3,3675.33333333333
"1049","1024",1,3191
"1049","1025",2,3015.5
"1049","1026",1,7070
"1049","1027",3,3222
"1049","1028",3,11458.6666666667
"1049","1029",5,35636.8
"1049","1030",1,2395
"1049","1031",3,2725.33333333333
"1049","1032",1,3275
"1049","1033",8,2804.25
"1049","1034",5,5455
"1049","1035",13,9441.76923076923
"1049","1036",14,3456.42857142857
"1049","1037",7,1729.14285714286
"1049","1038",8,2689.5
"1049","1039",3,1292.66666666667
"1049","1040",3,9396.33333333333
"1049","1041",16,1867.625
"1049","1042",4,8094.75
"1049","1043",24,1428.91666666667
"1049","1044",16,1865.5
"1049","1045",892,2033.43049327354
"1049","1046",234,2767.84188034188
"1049","1047",296,3502.83108108108
"1049","1048",247,4372.58299595142
"1049","1049",2145,6157.82657342657
"1049","1050",14,26270.9285714286
"1049","1061",4,3542.5
"1050","1000",41,2077.85365853659
"1050","1001",70,3866.68571428571
"1050","1002",3,1787.66666666667
"1050","1003",9,1935.44444444444
"1050","1004",7,2455
"1050","1005",65,2607.4
"1050","1006",4,24711
"1050","1007",0,0
"1050","1008",0,0
"1050","1009",26,5061
"1050","1010",73,5092.3698630137
"1050","1011",17,1970
"1050","1012",18,2628.38888888889
"1050","1013",11,1510.90909090909
"1050","1014",23,1048.13043478261
"1050","1015",13,11113.7692307692
"1050","1016",25,3930.08
"1050","1017",104,1666.10576923077
"1050","1018",70,4546.98571428571
"1050","1019",78,2182.82051282051
"1050","1020",10,17027.4
"1050","1021",12,19842.1666666667
"1050","1022",2,677
"1050","1023",1,2186
"1050","1024",6,2289
"1050","1025",4,19321.5
"1050","1026",6,30224.8333333333
"1050","1027",1,4587
"1050","1028",6,17239.6666666667
"1050","1029",0,0
"1050","1030",1,1292
"1050","1031",1,78232
"1050","1032",4,4856.75
"1050","1033",3,6404.66666666667
"1050","1034",1,83762
"1050","1035",1,92937
"1050","1036",2,1058.5
"1050","1037",0,0
"1050","1038",2,5166
"1050","1039",11,2528.90909090909
"1050","1040",8,25586.875
"1050","1041",2,84524.5
"1050","1042",5,7705.8
"1050","1043",3,60307.6666666667
"1050","1044",3,31555.3333333333
"1050","1045",11,26004.8181818182
"1050","1046",2,11991
"1050","1047",1,10060
"1050","1048",4,63371.5
"1050","1049",12,18238.5
"1050","1050",1392,9079.37212643678
"1050","1061",300,3062.2
"1061","1000",92,2943.3152173913
"1061","1001",64,2289.453125
"1061","1002",8,4106.375
"1061","1003",19,1618.15789473684
"1061","1004",0,0
"1061","1005",23,9455.60869565217
"1061","1006",12,1798.5
"1061","1007",1,2353
"1061","1008",3,27868
"1061","1009",25,3542.92
"1061","1010",156,3965.89743589744
"1061","1011",53,3395.35849056604
"1061","1012",39,5748.94871794872
"1061","1013",36,8100.38888888889
"1061","1014",4,4330.5
"1061","1015",16,1765.375
"1061","1016",35,3114.45714285714
"1061","1017",109,2320.19266055046
"1061","1018",25,7492.36
"1061","1019",69,6972.68115942029
"1061","1020",7,22153.7142857143
"1061","1021",2,3415.5
"1061","1022",3,5882.33333333333
"1061","1023",8,1240.75
"1061","1024",1,929
"1061","1025",7,1926.85714285714
"1061","1026",11,2916.63636363636
"1061","1027",2,1442
"1061","1028",0,0
"1061","1029",1,1529
"1061","1030",1,1571
"1061","1031",1,1041
"1061","1032",2,1607.5
"1061","1033",2,2504.5
"1061","1034",0,0
"1061","1035",2,1664
"1061","1036",1,2515
"1061","1037",0,0
"1061","1038",0,0
"1061","1039",0,0
"1061","1040",0,0
"1061","1041",0,0
"1061","1042",0,0
"1061","1043",1,1326
"1061","1044",0,0
"1061","1045",5,4017.2
"1061","1046",6,3201
"1061","1047",4,3380.25
"1061","1048",8,13083.875
"1061","1049",13,16500.9230769231
"1061","1050",80,10455.05
"1061","1061",471,4447.05520169851
