"From.station.id","To.station.id","Freq"
"1000","1000",4997
"1001","1000",818
"1002","1000",245
"1003","1000",151
"1004","1000",91
"1005","1000",110
"1006","1000",114
"1007","1000",145
"1008","1000",132
"1009","1000",309
"1010","1000",541
"1011","1000",130
"1012","1000",472
"1013","1000",424
"1014","1000",140
"1015","1000",213
"1016","1000",591
"1017","1000",1087
"1018","1000",161
"1019","1000",231
"1020","1000",344
"1021","1000",78
"1022","1000",56
"1023","1000",37
"1024","1000",25
"1025","1000",28
"1026","1000",310
"1027","1000",12
"1028","1000",16
"1029","1000",20
"1030","1000",6
"1031","1000",17
"1032","1000",28
"1033","1000",63
"1034","1000",20
"1035","1000",54
"1036","1000",101
"1037","1000",57
"1038","1000",47
"1039","1000",85
"1040","1000",29
"1041","1000",92
"1042","1000",50
"1043","1000",51
"1044","1000",96
"1045","1000",429
"1046","1000",95
"1047","1000",281
"1048","1000",145
"1049","1000",277
"1050","1000",41
"1059","1000",3
"1061","1000",92
"1751","1000",0
"1761","1000",0
"1762","1000",1
"1764","1000",0
"1771","1000",2
"1781","1000",0
"1791","1000",0
"1000","1001",644
"1001","1001",3452
"1002","1001",158
"1003","1001",218
"1004","1001",302
"1005","1001",205
"1006","1001",130
"1007","1001",348
"1008","1001",247
"1009","1001",427
"1010","1001",469
"1011","1001",139
"1012","1001",538
"1013","1001",612
"1014","1001",157
"1015","1001",419
"1016","1001",662
"1017","1001",936
"1018","1001",334
"1019","1001",278
"1020","1001",68
"1021","1001",103
"1022","1001",91
"1023","1001",35
"1024","1001",20
"1025","1001",448
"1026","1001",50
"1027","1001",9
"1028","1001",10
"1029","1001",11
"1030","1001",11
"1031","1001",21
"1032","1001",53
"1033","1001",33
"1034","1001",21
"1035","1001",16
"1036","1001",66
"1037","1001",21
"1038","1001",25
"1039","1001",44
"1040","1001",13
"1041","1001",70
"1042","1001",44
"1043","1001",41
"1044","1001",111
"1045","1001",295
"1046","1001",150
"1047","1001",416
"1048","1001",330
"1049","1001",466
"1050","1001",70
"1059","1001",0
"1061","1001",64
"1751","1001",3
"1761","1001",7
"1762","1001",3
"1764","1001",0
"1771","1001",0
"1781","1001",0
"1791","1001",0
"1000","1002",119
"1001","1002",138
"1002","1002",823
"1003","1002",66
"1004","1002",52
"1005","1002",44
"1006","1002",33
"1007","1002",61
"1008","1002",39
"1009","1002",65
"1010","1002",65
"1011","1002",26
"1012","1002",101
"1013","1002",83
"1014","1002",24
"1015","1002",112
"1016","1002",89
"1017","1002",120
"1018","1002",32
"1019","1002",52
"1020","1002",44
"1021","1002",67
"1022","1002",9
"1023","1002",3
"1024","1002",3
"1025","1002",9
"1026","1002",2
"1027","1002",0
"1028","1002",11
"1029","1002",4
"1030","1002",1
"1031","1002",6
"1032","1002",52
"1033","1002",12
"1034","1002",5
"1035","1002",9
"1036","1002",18
"1037","1002",10
"1038","1002",11
"1039","1002",23
"1040","1002",8
"1041","1002",11
"1042","1002",6
"1043","1002",18
"1044","1002",139
"1045","1002",192
"1046","1002",139
"1047","1002",199
"1048","1002",292
"1049","1002",287
"1050","1002",3
"1059","1002",0
"1061","1002",8
"1751","1002",0
"1761","1002",0
"1762","1002",0
"1764","1002",0
"1771","1002",0
"1781","1002",0
"1791","1002",0
"1000","1003",128
"1001","1003",149
"1002","1003",86
"1003","1003",781
"1004","1003",159
"1005","1003",43
"1006","1003",52
"1007","1003",55
"1008","1003",29
"1009","1003",62
"1010","1003",153
"1011","1003",23
"1012","1003",75
"1013","1003",89
"1014","1003",18
"1015","1003",33
"1016","1003",226
"1017","1003",128
"1018","1003",24
"1019","1003",45
"1020","1003",8
"1021","1003",45
"1022","1003",6
"1023","1003",6
"1024","1003",6
"1025","1003",13
"1026","1003",2
"1027","1003",1
"1028","1003",6
"1029","1003",5
"1030","1003",4
"1031","1003",0
"1032","1003",15
"1033","1003",13
"1034","1003",8
"1035","1003",14
"1036","1003",21
"1037","1003",12
"1038","1003",14
"1039","1003",30
"1040","1003",9
"1041","1003",17
"1042","1003",102
"1043","1003",14
"1044","1003",140
"1045","1003",294
"1046","1003",273
"1047","1003",353
"1048","1003",150
"1049","1003",363
"1050","1003",9
"1059","1003",0
"1061","1003",19
"1751","1003",1
"1761","1003",0
"1762","1003",0
"1764","1003",0
"1771","1003",1
"1781","1003",0
"1791","1003",0
"1000","1004",99
"1001","1004",91
"1002","1004",57
"1003","1004",130
"1004","1004",1923
"1005","1004",78
"1006","1004",68
"1007","1004",34
"1008","1004",61
"1009","1004",21
"1010","1004",59
"1011","1004",27
"1012","1004",47
"1013","1004",45
"1014","1004",36
"1015","1004",31
"1016","1004",45
"1017","1004",58
"1018","1004",9
"1019","1004",14
"1020","1004",2
"1021","1004",11
"1022","1004",6
"1023","1004",4
"1024","1004",2
"1025","1004",1
"1026","1004",0
"1027","1004",4
"1028","1004",12
"1029","1004",0
"1030","1004",2
"1031","1004",2
"1032","1004",40
"1033","1004",14
"1034","1004",29
"1035","1004",45
"1036","1004",66
"1037","1004",177
"1038","1004",333
"1039","1004",24
"1040","1004",12
"1041","1004",156
"1042","1004",1
"1043","1004",35
"1044","1004",62
"1045","1004",419
"1046","1004",64
"1047","1004",44
"1048","1004",108
"1049","1004",493
"1050","1004",7
"1059","1004",0
"1061","1004",0
"1751","1004",0
"1761","1004",0
"1762","1004",0
"1764","1004",0
"1771","1004",0
"1781","1004",0
"1791","1004",0
"1000","1005",76
"1001","1005",100
"1002","1005",36
"1003","1005",32
"1004","1005",48
"1005","1005",552
"1006","1005",48
"1007","1005",165
"1008","1005",48
"1009","1005",50
"1010","1005",73
"1011","1005",24
"1012","1005",34
"1013","1005",55
"1014","1005",31
"1015","1005",133
"1016","1005",149
"1017","1005",146
"1018","1005",61
"1019","1005",264
"1020","1005",18
"1021","1005",46
"1022","1005",37
"1023","1005",4
"1024","1005",6
"1025","1005",6
"1026","1005",2
"1027","1005",1
"1028","1005",1
"1029","1005",3
"1030","1005",0
"1031","1005",0
"1032","1005",6
"1033","1005",4
"1034","1005",2
"1035","1005",12
"1036","1005",18
"1037","1005",12
"1038","1005",11
"1039","1005",3
"1040","1005",12
"1041","1005",17
"1042","1005",20
"1043","1005",21
"1044","1005",17
"1045","1005",68
"1046","1005",85
"1047","1005",52
"1048","1005",122
"1049","1005",306
"1050","1005",65
"1059","1005",0
"1061","1005",23
"1751","1005",0
"1761","1005",0
"1762","1005",0
"1764","1005",0
"1771","1005",0
"1781","1005",0
"1791","1005",0
"1000","1006",94
"1001","1006",74
"1002","1006",41
"1003","1006",84
"1004","1006",50
"1005","1006",43
"1006","1006",677
"1007","1006",84
"1008","1006",407
"1009","1006",70
"1010","1006",59
"1011","1006",25
"1012","1006",67
"1013","1006",74
"1014","1006",70
"1015","1006",119
"1016","1006",170
"1017","1006",164
"1018","1006",47
"1019","1006",40
"1020","1006",15
"1021","1006",18
"1022","1006",12
"1023","1006",11
"1024","1006",78
"1025","1006",3
"1026","1006",4
"1027","1006",1
"1028","1006",3
"1029","1006",2
"1030","1006",5
"1031","1006",6
"1032","1006",80
"1033","1006",28
"1034","1006",6
"1035","1006",10
"1036","1006",13
"1037","1006",19
"1038","1006",56
"1039","1006",6
"1040","1006",14
"1041","1006",84
"1042","1006",98
"1043","1006",19
"1044","1006",11
"1045","1006",92
"1046","1006",49
"1047","1006",30
"1048","1006",143
"1049","1006",474
"1050","1006",4
"1059","1006",1
"1061","1006",12
"1751","1006",0
"1761","1006",0
"1762","1006",0
"1764","1006",0
"1771","1006",0
"1781","1006",0
"1791","1006",0
"1000","1007",106
"1001","1007",186
"1002","1007",52
"1003","1007",67
"1004","1007",25
"1005","1007",172
"1006","1007",64
"1007","1007",581
"1008","1007",13
"1009","1007",16
"1010","1007",49
"1011","1007",10
"1012","1007",61
"1013","1007",29
"1014","1007",4
"1015","1007",12
"1016","1007",56
"1017","1007",43
"1018","1007",4
"1019","1007",3
"1020","1007",3
"1021","1007",3
"1022","1007",1
"1023","1007",3
"1024","1007",4
"1025","1007",6
"1026","1007",1
"1027","1007",0
"1028","1007",0
"1029","1007",3
"1030","1007",1
"1031","1007",1
"1032","1007",0
"1033","1007",6
"1034","1007",7
"1035","1007",10
"1036","1007",32
"1037","1007",13
"1038","1007",9
"1039","1007",165
"1040","1007",7
"1041","1007",96
"1042","1007",15
"1043","1007",24
"1044","1007",10
"1045","1007",105
"1046","1007",31
"1047","1007",122
"1048","1007",268
"1049","1007",207
"1050","1007",0
"1059","1007",0
"1061","1007",1
"1751","1007",2
"1761","1007",0
"1762","1007",0
"1764","1007",0
"1771","1007",0
"1781","1007",0
"1791","1007",0
"1000","1008",55
"1001","1008",79
"1002","1008",12
"1003","1008",10
"1004","1008",19
"1005","1008",34
"1006","1008",222
"1007","1008",10
"1008","1008",256
"1009","1008",27
"1010","1008",25
"1011","1008",8
"1012","1008",35
"1013","1008",29
"1014","1008",2
"1015","1008",20
"1016","1008",40
"1017","1008",40
"1018","1008",2
"1019","1008",4
"1020","1008",2
"1021","1008",4
"1022","1008",3
"1023","1008",0
"1024","1008",7
"1025","1008",0
"1026","1008",2
"1027","1008",1
"1028","1008",0
"1029","1008",0
"1030","1008",3
"1031","1008",1
"1032","1008",2
"1033","1008",2
"1034","1008",1
"1035","1008",2
"1036","1008",2
"1037","1008",3
"1038","1008",1
"1039","1008",1
"1040","1008",5
"1041","1008",13
"1042","1008",28
"1043","1008",8
"1044","1008",5
"1045","1008",10
"1046","1008",1
"1047","1008",14
"1048","1008",32
"1049","1008",27
"1050","1008",0
"1059","1008",0
"1061","1008",3
"1751","1008",0
"1761","1008",0
"1762","1008",0
"1764","1008",0
"1771","1008",0
"1781","1008",0
"1791","1008",0
"1000","1009",224
"1001","1009",444
"1002","1009",95
"1003","1009",47
"1004","1009",26
"1005","1009",42
"1006","1009",50
"1007","1009",15
"1008","1009",33
"1009","1009",1100
"1010","1009",176
"1011","1009",47
"1012","1009",94
"1013","1009",160
"1014","1009",6
"1015","1009",57
"1016","1009",133
"1017","1009",208
"1018","1009",47
"1019","1009",89
"1020","1009",48
"1021","1009",28
"1022","1009",53
"1023","1009",7
"1024","1009",2
"1025","1009",16
"1026","1009",6
"1027","1009",1
"1028","1009",2
"1029","1009",5
"1030","1009",1
"1031","1009",3
"1032","1009",4
"1033","1009",1
"1034","1009",8
"1035","1009",4
"1036","1009",3
"1037","1009",0
"1038","1009",5
"1039","1009",10
"1040","1009",2
"1041","1009",7
"1042","1009",9
"1043","1009",3
"1044","1009",3
"1045","1009",20
"1046","1009",13
"1047","1009",10
"1048","1009",17
"1049","1009",26
"1050","1009",26
"1059","1009",1
"1061","1009",25
"1751","1009",0
"1761","1009",0
"1762","1009",0
"1764","1009",0
"1771","1009",0
"1781","1009",0
"1791","1009",0
"1000","1010",487
"1001","1010",478
"1002","1010",85
"1003","1010",128
"1004","1010",66
"1005","1010",96
"1006","1010",102
"1007","1010",70
"1008","1010",100
"1009","1010",216
"1010","1010",2665
"1011","1010",219
"1012","1010",321
"1013","1010",401
"1014","1010",115
"1015","1010",313
"1016","1010",994
"1017","1010",1271
"1018","1010",333
"1019","1010",323
"1020","1010",149
"1021","1010",180
"1022","1010",115
"1023","1010",48
"1024","1010",30
"1025","1010",43
"1026","1010",10
"1027","1010",6
"1028","1010",13
"1029","1010",9
"1030","1010",7
"1031","1010",12
"1032","1010",110
"1033","1010",59
"1034","1010",12
"1035","1010",9
"1036","1010",20
"1037","1010",10
"1038","1010",74
"1039","1010",11
"1040","1010",14
"1041","1010",35
"1042","1010",14
"1043","1010",21
"1044","1010",23
"1045","1010",132
"1046","1010",139
"1047","1010",73
"1048","1010",99
"1049","1010",127
"1050","1010",73
"1059","1010",0
"1061","1010",156
"1751","1010",0
"1761","1010",0
"1762","1010",0
"1764","1010",0
"1771","1010",0
"1781","1010",0
"1791","1010",1
"1000","1011",93
"1001","1011",127
"1002","1011",43
"1003","1011",45
"1004","1011",50
"1005","1011",31
"1006","1011",28
"1007","1011",22
"1008","1011",52
"1009","1011",100
"1010","1011",205
"1011","1011",1495
"1012","1011",226
"1013","1011",200
"1014","1011",97
"1015","1011",238
"1016","1011",174
"1017","1011",348
"1018","1011",118
"1019","1011",144
"1020","1011",25
"1021","1011",48
"1022","1011",6
"1023","1011",29
"1024","1011",9
"1025","1011",11
"1026","1011",8
"1027","1011",15
"1028","1011",3
"1029","1011",9
"1030","1011",4
"1031","1011",7
"1032","1011",5
"1033","1011",19
"1034","1011",10
"1035","1011",9
"1036","1011",13
"1037","1011",15
"1038","1011",9
"1039","1011",9
"1040","1011",6
"1041","1011",12
"1042","1011",13
"1043","1011",11
"1044","1011",16
"1045","1011",101
"1046","1011",27
"1047","1011",25
"1048","1011",57
"1049","1011",76
"1050","1011",17
"1059","1011",1
"1061","1011",53
"1751","1011",0
"1761","1011",0
"1762","1011",1
"1764","1011",0
"1771","1011",0
"1781","1011",0
"1791","1011",0
"1000","1012",523
"1001","1012",598
"1002","1012",118
"1003","1012",79
"1004","1012",86
"1005","1012",63
"1006","1012",65
"1007","1012",71
"1008","1012",57
"1009","1012",119
"1010","1012",332
"1011","1012",257
"1012","1012",5244
"1013","1012",531
"1014","1012",231
"1015","1012",224
"1016","1012",221
"1017","1012",388
"1018","1012",98
"1019","1012",228
"1020","1012",44
"1021","1012",46
"1022","1012",26
"1023","1012",17
"1024","1012",11
"1025","1012",13
"1026","1012",21
"1027","1012",3
"1028","1012",12
"1029","1012",15
"1030","1012",2
"1031","1012",9
"1032","1012",12
"1033","1012",15
"1034","1012",11
"1035","1012",10
"1036","1012",27
"1037","1012",6
"1038","1012",16
"1039","1012",37
"1040","1012",6
"1041","1012",32
"1042","1012",4
"1043","1012",16
"1044","1012",19
"1045","1012",240
"1046","1012",82
"1047","1012",97
"1048","1012",140
"1049","1012",166
"1050","1012",18
"1059","1012",0
"1061","1012",39
"1751","1012",0
"1761","1012",0
"1762","1012",0
"1764","1012",0
"1771","1012",0
"1781","1012",0
"1791","1012",0
"1000","1013",467
"1001","1013",529
"1002","1013",79
"1003","1013",113
"1004","1013",40
"1005","1013",89
"1006","1013",115
"1007","1013",38
"1008","1013",46
"1009","1013",177
"1010","1013",394
"1011","1013",293
"1012","1013",444
"1013","1013",3154
"1014","1013",159
"1015","1013",269
"1016","1013",250
"1017","1013",535
"1018","1013",155
"1019","1013",365
"1020","1013",62
"1021","1013",50
"1022","1013",42
"1023","1013",17
"1024","1013",8
"1025","1013",28
"1026","1013",29
"1027","1013",4
"1028","1013",8
"1029","1013",17
"1030","1013",5
"1031","1013",7
"1032","1013",8
"1033","1013",35
"1034","1013",7
"1035","1013",9
"1036","1013",11
"1037","1013",8
"1038","1013",15
"1039","1013",17
"1040","1013",8
"1041","1013",26
"1042","1013",2
"1043","1013",19
"1044","1013",24
"1045","1013",152
"1046","1013",98
"1047","1013",165
"1048","1013",90
"1049","1013",408
"1050","1013",11
"1059","1013",1
"1061","1013",36
"1751","1013",0
"1761","1013",0
"1762","1013",0
"1764","1013",0
"1771","1013",0
"1781","1013",0
"1791","1013",0
"1000","1014",118
"1001","1014",136
"1002","1014",35
"1003","1014",14
"1004","1014",26
"1005","1014",30
"1006","1014",74
"1007","1014",4
"1008","1014",7
"1009","1014",39
"1010","1014",93
"1011","1014",84
"1012","1014",137
"1013","1014",98
"1014","1014",895
"1015","1014",122
"1016","1014",54
"1017","1014",77
"1018","1014",17
"1019","1014",35
"1020","1014",12
"1021","1014",6
"1022","1014",11
"1023","1014",1
"1024","1014",5
"1025","1014",0
"1026","1014",3
"1027","1014",0
"1028","1014",4
"1029","1014",1
"1030","1014",1
"1031","1014",2
"1032","1014",1
"1033","1014",2
"1034","1014",1
"1035","1014",3
"1036","1014",3
"1037","1014",0
"1038","1014",0
"1039","1014",1
"1040","1014",7
"1041","1014",1
"1042","1014",0
"1043","1014",2
"1044","1014",0
"1045","1014",13
"1046","1014",11
"1047","1014",11
"1048","1014",18
"1049","1014",27
"1050","1014",23
"1059","1014",0
"1061","1014",4
"1751","1014",0
"1761","1014",0
"1762","1014",0
"1764","1014",0
"1771","1014",4
"1781","1014",0
"1791","1014",0
"1000","1015",180
"1001","1015",307
"1002","1015",115
"1003","1015",64
"1004","1015",31
"1005","1015",142
"1006","1015",102
"1007","1015",40
"1008","1015",34
"1009","1015",66
"1010","1015",322
"1011","1015",272
"1012","1015",114
"1013","1015",204
"1014","1015",133
"1015","1015",1523
"1016","1015",164
"1017","1015",139
"1018","1015",49
"1019","1015",83
"1020","1015",18
"1021","1015",29
"1022","1015",30
"1023","1015",34
"1024","1015",6
"1025","1015",2
"1026","1015",10
"1027","1015",1
"1028","1015",2
"1029","1015",1
"1030","1015",0
"1031","1015",2
"1032","1015",8
"1033","1015",11
"1034","1015",0
"1035","1015",5
"1036","1015",7
"1037","1015",3
"1038","1015",2
"1039","1015",3
"1040","1015",7
"1041","1015",10
"1042","1015",0
"1043","1015",9
"1044","1015",9
"1045","1015",54
"1046","1015",19
"1047","1015",26
"1048","1015",15
"1049","1015",155
"1050","1015",13
"1059","1015",1
"1061","1015",16
"1751","1015",0
"1761","1015",0
"1762","1015",4
"1764","1015",0
"1771","1015",0
"1781","1015",0
"1791","1015",0
"1000","1016",647
"1001","1016",619
"1002","1016",89
"1003","1016",241
"1004","1016",84
"1005","1016",130
"1006","1016",219
"1007","1016",52
"1008","1016",112
"1009","1016",275
"1010","1016",934
"1011","1016",206
"1012","1016",189
"1013","1016",246
"1014","1016",64
"1015","1016",182
"1016","1016",839
"1017","1016",211
"1018","1016",101
"1019","1016",186
"1020","1016",81
"1021","1016",48
"1022","1016",61
"1023","1016",31
"1024","1016",28
"1025","1016",22
"1026","1016",7
"1027","1016",3
"1028","1016",4
"1029","1016",4
"1030","1016",14
"1031","1016",64
"1032","1016",6
"1033","1016",25
"1034","1016",13
"1035","1016",13
"1036","1016",10
"1037","1016",28
"1038","1016",5
"1039","1016",23
"1040","1016",11
"1041","1016",11
"1042","1016",1
"1043","1016",6
"1044","1016",13
"1045","1016",81
"1046","1016",65
"1047","1016",64
"1048","1016",97
"1049","1016",110
"1050","1016",25
"1059","1016",1
"1061","1016",35
"1751","1016",0
"1761","1016",0
"1762","1016",1
"1764","1016",0
"1771","1016",0
"1781","1016",0
"1791","1016",0
"1000","1017",708
"1001","1017",867
"1002","1017",99
"1003","1017",137
"1004","1017",68
"1005","1017",169
"1006","1017",291
"1007","1017",60
"1008","1017",73
"1009","1017",415
"1010","1017",1566
"1011","1017",438
"1012","1017",307
"1013","1017",520
"1014","1017",108
"1015","1017",142
"1016","1017",176
"1017","1017",2184
"1018","1017",375
"1019","1017",578
"1020","1017",141
"1021","1017",165
"1022","1017",76
"1023","1017",81
"1024","1017",22
"1025","1017",44
"1026","1017",28
"1027","1017",27
"1028","1017",6
"1029","1017",35
"1030","1017",23
"1031","1017",40
"1032","1017",29
"1033","1017",98
"1034","1017",42
"1035","1017",25
"1036","1017",31
"1037","1017",10
"1038","1017",3
"1039","1017",14
"1040","1017",28
"1041","1017",31
"1042","1017",5
"1043","1017",5
"1044","1017",11
"1045","1017",155
"1046","1017",54
"1047","1017",27
"1048","1017",55
"1049","1017",100
"1050","1017",104
"1059","1017",1
"1061","1017",109
"1751","1017",0
"1761","1017",0
"1762","1017",0
"1764","1017",0
"1771","1017",0
"1781","1017",0
"1791","1017",0
"1000","1018",176
"1001","1018",219
"1002","1018",45
"1003","1018",46
"1004","1018",11
"1005","1018",66
"1006","1018",91
"1007","1018",10
"1008","1018",16
"1009","1018",118
"1010","1018",443
"1011","1018",133
"1012","1018",90
"1013","1018",275
"1014","1018",25
"1015","1018",40
"1016","1018",119
"1017","1018",348
"1018","1018",692
"1019","1018",168
"1020","1018",45
"1021","1018",82
"1022","1018",70
"1023","1018",59
"1024","1018",19
"1025","1018",39
"1026","1018",26
"1027","1018",6
"1028","1018",16
"1029","1018",18
"1030","1018",16
"1031","1018",21
"1032","1018",12
"1033","1018",33
"1034","1018",10
"1035","1018",16
"1036","1018",17
"1037","1018",5
"1038","1018",1
"1039","1018",6
"1040","1018",27
"1041","1018",25
"1042","1018",2
"1043","1018",2
"1044","1018",1
"1045","1018",28
"1046","1018",5
"1047","1018",6
"1048","1018",19
"1049","1018",37
"1050","1018",70
"1059","1018",0
"1061","1018",25
"1751","1018",0
"1761","1018",0
"1762","1018",0
"1764","1018",0
"1771","1018",0
"1781","1018",0
"1791","1018",0
"1000","1019",233
"1001","1019",275
"1002","1019",88
"1003","1019",62
"1004","1019",24
"1005","1019",306
"1006","1019",77
"1007","1019",23
"1008","1019",49
"1009","1019",189
"1010","1019",581
"1011","1019",202
"1012","1019",196
"1013","1019",352
"1014","1019",33
"1015","1019",59
"1016","1019",206
"1017","1019",566
"1018","1019",154
"1019","1019",1356
"1020","1019",310
"1021","1019",211
"1022","1019",210
"1023","1019",151
"1024","1019",60
"1025","1019",225
"1026","1019",105
"1027","1019",10
"1028","1019",24
"1029","1019",30
"1030","1019",27
"1031","1019",34
"1032","1019",27
"1033","1019",96
"1034","1019",35
"1035","1019",46
"1036","1019",36
"1037","1019",51
"1038","1019",3
"1039","1019",5
"1040","1019",24
"1041","1019",27
"1042","1019",41
"1043","1019",10
"1044","1019",8
"1045","1019",33
"1046","1019",15
"1047","1019",28
"1048","1019",32
"1049","1019",47
"1050","1019",78
"1059","1019",2
"1061","1019",69
"1751","1019",0
"1761","1019",0
"1762","1019",0
"1764","1019",0
"1771","1019",0
"1781","1019",0
"1791","1019",0
"1000","1020",26
"1001","1020",17
"1002","1020",18
"1003","1020",4
"1004","1020",2
"1005","1020",6
"1006","1020",2
"1007","1020",2
"1008","1020",1
"1009","1020",27
"1010","1020",46
"1011","1020",17
"1012","1020",12
"1013","1020",16
"1014","1020",5
"1015","1020",2
"1016","1020",13
"1017","1020",42
"1018","1020",24
"1019","1020",28
"1020","1020",259
"1021","1020",37
"1022","1020",68
"1023","1020",206
"1024","1020",102
"1025","1020",106
"1026","1020",122
"1027","1020",35
"1028","1020",84
"1029","1020",33
"1030","1020",19
"1031","1020",55
"1032","1020",54
"1033","1020",87
"1034","1020",27
"1035","1020",91
"1036","1020",22
"1037","1020",16
"1038","1020",2
"1039","1020",11
"1040","1020",36
"1041","1020",35
"1042","1020",2
"1043","1020",6
"1044","1020",4
"1045","1020",2
"1046","1020",0
"1047","1020",1
"1048","1020",2
"1049","1020",4
"1050","1020",10
"1059","1020",0
"1061","1020",7
"1751","1020",0
"1761","1020",0
"1762","1020",0
"1764","1020",0
"1771","1020",0
"1781","1020",0
"1791","1020",0
"1000","1021",43
"1001","1021",31
"1002","1021",2
"1003","1021",12
"1004","1021",1
"1005","1021",24
"1006","1021",4
"1007","1021",0
"1008","1021",0
"1009","1021",23
"1010","1021",37
"1011","1021",16
"1012","1021",9
"1013","1021",12
"1014","1021",3
"1015","1021",20
"1016","1021",39
"1017","1021",70
"1018","1021",16
"1019","1021",24
"1020","1021",66
"1021","1021",258
"1022","1021",111
"1023","1021",136
"1024","1021",42
"1025","1021",76
"1026","1021",205
"1027","1021",14
"1028","1021",67
"1029","1021",33
"1030","1021",70
"1031","1021",28
"1032","1021",24
"1033","1021",88
"1034","1021",64
"1035","1021",44
"1036","1021",53
"1037","1021",50
"1038","1021",6
"1039","1021",20
"1040","1021",42
"1041","1021",63
"1042","1021",2
"1043","1021",16
"1044","1021",4
"1045","1021",12
"1046","1021",2
"1047","1021",2
"1048","1021",10
"1049","1021",3
"1050","1021",12
"1059","1021",0
"1061","1021",2
"1751","1021",0
"1761","1021",0
"1762","1021",0
"1764","1021",0
"1771","1021",0
"1781","1021",0
"1791","1021",0
"1000","1022",8
"1001","1022",15
"1002","1022",1
"1003","1022",5
"1004","1022",0
"1005","1022",3
"1006","1022",3
"1007","1022",0
"1008","1022",1
"1009","1022",11
"1010","1022",19
"1011","1022",5
"1012","1022",8
"1013","1022",6
"1014","1022",3
"1015","1022",17
"1016","1022",10
"1017","1022",25
"1018","1022",9
"1019","1022",35
"1020","1022",59
"1021","1022",83
"1022","1022",303
"1023","1022",94
"1024","1022",45
"1025","1022",65
"1026","1022",105
"1027","1022",21
"1028","1022",53
"1029","1022",36
"1030","1022",78
"1031","1022",37
"1032","1022",22
"1033","1022",109
"1034","1022",44
"1035","1022",48
"1036","1022",78
"1037","1022",96
"1038","1022",13
"1039","1022",15
"1040","1022",88
"1041","1022",59
"1042","1022",18
"1043","1022",17
"1044","1022",11
"1045","1022",15
"1046","1022",7
"1047","1022",5
"1048","1022",3
"1049","1022",2
"1050","1022",2
"1059","1022",0
"1061","1022",3
"1751","1022",0
"1761","1022",0
"1762","1022",0
"1764","1022",0
"1771","1022",0
"1781","1022",1
"1791","1022",0
"1000","1023",4
"1001","1023",13
"1002","1023",0
"1003","1023",5
"1004","1023",27
"1005","1023",3
"1006","1023",6
"1007","1023",3
"1008","1023",0
"1009","1023",4
"1010","1023",17
"1011","1023",2
"1012","1023",4
"1013","1023",7
"1014","1023",2
"1015","1023",3
"1016","1023",11
"1017","1023",25
"1018","1023",14
"1019","1023",62
"1020","1023",239
"1021","1023",99
"1022","1023",90
"1023","1023",431
"1024","1023",44
"1025","1023",33
"1026","1023",81
"1027","1023",33
"1028","1023",65
"1029","1023",98
"1030","1023",99
"1031","1023",70
"1032","1023",63
"1033","1023",125
"1034","1023",100
"1035","1023",269
"1036","1023",67
"1037","1023",57
"1038","1023",13
"1039","1023",34
"1040","1023",199
"1041","1023",202
"1042","1023",4
"1043","1023",31
"1044","1023",13
"1045","1023",15
"1046","1023",2
"1047","1023",4
"1048","1023",3
"1049","1023",3
"1050","1023",1
"1059","1023",0
"1061","1023",8
"1751","1023",0
"1761","1023",0
"1762","1023",0
"1764","1023",0
"1771","1023",0
"1781","1023",0
"1791","1023",0
"1000","1024",2
"1001","1024",9
"1002","1024",1
"1003","1024",5
"1004","1024",2
"1005","1024",1
"1006","1024",3
"1007","1024",26
"1008","1024",0
"1009","1024",2
"1010","1024",5
"1011","1024",5
"1012","1024",3
"1013","1024",5
"1014","1024",2
"1015","1024",1
"1016","1024",21
"1017","1024",8
"1018","1024",5
"1019","1024",30
"1020","1024",60
"1021","1024",39
"1022","1024",83
"1023","1024",32
"1024","1024",356
"1025","1024",46
"1026","1024",106
"1027","1024",40
"1028","1024",30
"1029","1024",83
"1030","1024",78
"1031","1024",10
"1032","1024",41
"1033","1024",168
"1034","1024",121
"1035","1024",89
"1036","1024",64
"1037","1024",49
"1038","1024",6
"1039","1024",72
"1040","1024",95
"1041","1024",126
"1042","1024",2
"1043","1024",60
"1044","1024",11
"1045","1024",8
"1046","1024",2
"1047","1024",0
"1048","1024",4
"1049","1024",1
"1050","1024",6
"1059","1024",0
"1061","1024",1
"1751","1024",0
"1761","1024",0
"1762","1024",0
"1764","1024",0
"1771","1024",0
"1781","1024",0
"1791","1024",0
"1000","1025",10
"1001","1025",36
"1002","1025",2
"1003","1025",5
"1004","1025",1
"1005","1025",2
"1006","1025",2
"1007","1025",2
"1008","1025",0
"1009","1025",6
"1010","1025",19
"1011","1025",4
"1012","1025",6
"1013","1025",12
"1014","1025",1
"1015","1025",3
"1016","1025",13
"1017","1025",13
"1018","1025",8
"1019","1025",73
"1020","1025",124
"1021","1025",68
"1022","1025",58
"1023","1025",29
"1024","1025",47
"1025","1025",284
"1026","1025",65
"1027","1025",42
"1028","1025",31
"1029","1025",30
"1030","1025",29
"1031","1025",5
"1032","1025",8
"1033","1025",76
"1034","1025",8
"1035","1025",20
"1036","1025",19
"1037","1025",3
"1038","1025",1
"1039","1025",0
"1040","1025",25
"1041","1025",61
"1042","1025",0
"1043","1025",7
"1044","1025",2
"1045","1025",2
"1046","1025",2
"1047","1025",2
"1048","1025",3
"1049","1025",2
"1050","1025",4
"1059","1025",0
"1061","1025",7
"1751","1025",0
"1761","1025",0
"1762","1025",0
"1764","1025",0
"1771","1025",0
"1781","1025",0
"1791","1025",0
"1000","1026",167
"1001","1026",18
"1002","1026",0
"1003","1026",3
"1004","1026",1
"1005","1026",1
"1006","1026",1
"1007","1026",3
"1008","1026",0
"1009","1026",5
"1010","1026",14
"1011","1026",6
"1012","1026",8
"1013","1026",9
"1014","1026",2
"1015","1026",1
"1016","1026",13
"1017","1026",15
"1018","1026",13
"1019","1026",27
"1020","1026",206
"1021","1026",279
"1022","1026",106
"1023","1026",121
"1024","1026",110
"1025","1026",264
"1026","1026",315
"1027","1026",11
"1028","1026",60
"1029","1026",45
"1030","1026",33
"1031","1026",26
"1032","1026",59
"1033","1026",134
"1034","1026",91
"1035","1026",59
"1036","1026",40
"1037","1026",75
"1038","1026",3
"1039","1026",0
"1040","1026",55
"1041","1026",33
"1042","1026",1
"1043","1026",11
"1044","1026",18
"1045","1026",5
"1046","1026",4
"1047","1026",1
"1048","1026",1
"1049","1026",1
"1050","1026",6
"1059","1026",0
"1061","1026",11
"1751","1026",0
"1761","1026",0
"1762","1026",0
"1764","1026",0
"1771","1026",0
"1781","1026",0
"1791","1026",0
"1000","1027",1
"1001","1027",2
"1002","1027",0
"1003","1027",0
"1004","1027",1
"1005","1027",1
"1006","1027",0
"1007","1027",3
"1008","1027",0
"1009","1027",0
"1010","1027",1
"1011","1027",3
"1012","1027",3
"1013","1027",0
"1014","1027",0
"1015","1027",0
"1016","1027",3
"1017","1027",10
"1018","1027",2
"1019","1027",8
"1020","1027",33
"1021","1027",15
"1022","1027",18
"1023","1027",25
"1024","1027",32
"1025","1027",23
"1026","1027",17
"1027","1027",255
"1028","1027",133
"1029","1027",80
"1030","1027",20
"1031","1027",41
"1032","1027",96
"1033","1027",183
"1034","1027",170
"1035","1027",86
"1036","1027",34
"1037","1027",51
"1038","1027",24
"1039","1027",13
"1040","1027",66
"1041","1027",45
"1042","1027",1
"1043","1027",14
"1044","1027",4
"1045","1027",3
"1046","1027",3
"1047","1027",0
"1048","1027",1
"1049","1027",3
"1050","1027",1
"1059","1027",0
"1061","1027",2
"1751","1027",0
"1761","1027",0
"1762","1027",0
"1764","1027",0
"1771","1027",0
"1781","1027",2
"1791","1027",0
"1000","1028",4
"1001","1028",10
"1002","1028",2
"1003","1028",4
"1004","1028",4
"1005","1028",3
"1006","1028",1
"1007","1028",2
"1008","1028",4
"1009","1028",0
"1010","1028",5
"1011","1028",1
"1012","1028",2
"1013","1028",0
"1014","1028",2
"1015","1028",2
"1016","1028",3
"1017","1028",12
"1018","1028",2
"1019","1028",12
"1020","1028",126
"1021","1028",50
"1022","1028",72
"1023","1028",72
"1024","1028",37
"1025","1028",56
"1026","1028",60
"1027","1028",197
"1028","1028",627
"1029","1028",721
"1030","1028",38
"1031","1028",43
"1032","1028",315
"1033","1028",240
"1034","1028",124
"1035","1028",78
"1036","1028",45
"1037","1028",33
"1038","1028",18
"1039","1028",15
"1040","1028",89
"1041","1028",154
"1042","1028",0
"1043","1028",26
"1044","1028",3
"1045","1028",6
"1046","1028",1
"1047","1028",0
"1048","1028",2
"1049","1028",3
"1050","1028",6
"1059","1028",0
"1061","1028",0
"1751","1028",0
"1761","1028",0
"1762","1028",0
"1764","1028",0
"1771","1028",0
"1781","1028",0
"1791","1028",0
"1000","1029",2
"1001","1029",5
"1002","1029",0
"1003","1029",2
"1004","1029",1
"1005","1029",3
"1006","1029",0
"1007","1029",0
"1008","1029",1
"1009","1029",3
"1010","1029",0
"1011","1029",6
"1012","1029",8
"1013","1029",1
"1014","1029",3
"1015","1029",0
"1016","1029",4
"1017","1029",8
"1018","1029",7
"1019","1029",10
"1020","1029",30
"1021","1029",28
"1022","1029",34
"1023","1029",74
"1024","1029",79
"1025","1029",47
"1026","1029",41
"1027","1029",120
"1028","1029",493
"1029","1029",496
"1030","1029",16
"1031","1029",86
"1032","1029",137
"1033","1029",509
"1034","1029",181
"1035","1029",84
"1036","1029",70
"1037","1029",42
"1038","1029",8
"1039","1029",15
"1040","1029",124
"1041","1029",210
"1042","1029",0
"1043","1029",11
"1044","1029",2
"1045","1029",18
"1046","1029",1
"1047","1029",3
"1048","1029",7
"1049","1029",5
"1050","1029",0
"1059","1029",0
"1061","1029",1
"1751","1029",0
"1761","1029",0
"1762","1029",0
"1764","1029",0
"1771","1029",0
"1781","1029",0
"1791","1029",0
"1000","1030",10
"1001","1030",3
"1002","1030",1
"1003","1030",0
"1004","1030",0
"1005","1030",0
"1006","1030",2
"1007","1030",0
"1008","1030",0
"1009","1030",1
"1010","1030",6
"1011","1030",4
"1012","1030",4
"1013","1030",0
"1014","1030",0
"1015","1030",0
"1016","1030",4
"1017","1030",16
"1018","1030",8
"1019","1030",22
"1020","1030",45
"1021","1030",71
"1022","1030",68
"1023","1030",69
"1024","1030",52
"1025","1030",88
"1026","1030",38
"1027","1030",49
"1028","1030",43
"1029","1030",25
"1030","1030",179
"1031","1030",11
"1032","1030",65
"1033","1030",64
"1034","1030",57
"1035","1030",21
"1036","1030",20
"1037","1030",26
"1038","1030",6
"1039","1030",2
"1040","1030",34
"1041","1030",20
"1042","1030",1
"1043","1030",5
"1044","1030",1
"1045","1030",5
"1046","1030",2
"1047","1030",0
"1048","1030",0
"1049","1030",1
"1050","1030",1
"1059","1030",0
"1061","1030",1
"1751","1030",0
"1761","1030",0
"1762","1030",0
"1764","1030",0
"1771","1030",0
"1781","1030",0
"1791","1030",0
"1000","1031",2
"1001","1031",2
"1002","1031",0
"1003","1031",1
"1004","1031",6
"1005","1031",0
"1006","1031",1
"1007","1031",1
"1008","1031",0
"1009","1031",0
"1010","1031",8
"1011","1031",2
"1012","1031",2
"1013","1031",3
"1014","1031",0
"1015","1031",2
"1016","1031",53
"1017","1031",4
"1018","1031",5
"1019","1031",10
"1020","1031",63
"1021","1031",27
"1022","1031",57
"1023","1031",37
"1024","1031",15
"1025","1031",17
"1026","1031",26
"1027","1031",55
"1028","1031",50
"1029","1031",94
"1030","1031",10
"1031","1031",445
"1032","1031",289
"1033","1031",231
"1034","1031",154
"1035","1031",109
"1036","1031",83
"1037","1031",33
"1038","1031",26
"1039","1031",31
"1040","1031",84
"1041","1031",88
"1042","1031",3
"1043","1031",29
"1044","1031",5
"1045","1031",13
"1046","1031",1
"1047","1031",5
"1048","1031",4
"1049","1031",3
"1050","1031",1
"1059","1031",0
"1061","1031",1
"1751","1031",0
"1761","1031",0
"1762","1031",0
"1764","1031",0
"1771","1031",0
"1781","1031",0
"1791","1031",0
"1000","1032",7
"1001","1032",5
"1002","1032",12
"1003","1032",5
"1004","1032",179
"1005","1032",6
"1006","1032",1
"1007","1032",0
"1008","1032",0
"1009","1032",1
"1010","1032",1
"1011","1032",8
"1012","1032",3
"1013","1032",3
"1014","1032",2
"1015","1032",0
"1016","1032",4
"1017","1032",10
"1018","1032",1
"1019","1032",9
"1020","1032",59
"1021","1032",23
"1022","1032",31
"1023","1032",48
"1024","1032",47
"1025","1032",9
"1026","1032",40
"1027","1032",96
"1028","1032",258
"1029","1032",114
"1030","1032",42
"1031","1032",147
"1032","1032",678
"1033","1032",186
"1034","1032",100
"1035","1032",232
"1036","1032",101
"1037","1032",125
"1038","1032",4
"1039","1032",10
"1040","1032",98
"1041","1032",72
"1042","1032",0
"1043","1032",14
"1044","1032",2
"1045","1032",10
"1046","1032",5
"1047","1032",9
"1048","1032",0
"1049","1032",1
"1050","1032",4
"1059","1032",0
"1061","1032",2
"1751","1032",0
"1761","1032",0
"1762","1032",0
"1764","1032",0
"1771","1032",0
"1781","1032",0
"1791","1032",0
"1000","1033",22
"1001","1033",10
"1002","1033",11
"1003","1033",6
"1004","1033",30
"1005","1033",5
"1006","1033",10
"1007","1033",14
"1008","1033",4
"1009","1033",6
"1010","1033",9
"1011","1033",7
"1012","1033",12
"1013","1033",10
"1014","1033",4
"1015","1033",1
"1016","1033",6
"1017","1033",24
"1018","1033",11
"1019","1033",21
"1020","1033",149
"1021","1033",122
"1022","1033",190
"1023","1033",126
"1024","1033",136
"1025","1033",82
"1026","1033",105
"1027","1033",183
"1028","1033",254
"1029","1033",327
"1030","1033",46
"1031","1033",82
"1032","1033",216
"1033","1033",705
"1034","1033",467
"1035","1033",284
"1036","1033",178
"1037","1033",122
"1038","1033",19
"1039","1033",81
"1040","1033",215
"1041","1033",286
"1042","1033",0
"1043","1033",52
"1044","1033",29
"1045","1033",33
"1046","1033",8
"1047","1033",9
"1048","1033",9
"1049","1033",8
"1050","1033",3
"1059","1033",0
"1061","1033",2
"1751","1033",0
"1761","1033",0
"1762","1033",0
"1764","1033",0
"1771","1033",0
"1781","1033",0
"1791","1033",0
"1000","1034",5
"1001","1034",8
"1002","1034",2
"1003","1034",4
"1004","1034",17
"1005","1034",5
"1006","1034",1
"1007","1034",3
"1008","1034",1
"1009","1034",2
"1010","1034",12
"1011","1034",0
"1012","1034",2
"1013","1034",5
"1014","1034",1
"1015","1034",1
"1016","1034",6
"1017","1034",7
"1018","1034",4
"1019","1034",5
"1020","1034",48
"1021","1034",65
"1022","1034",72
"1023","1034",87
"1024","1034",88
"1025","1034",42
"1026","1034",73
"1027","1034",124
"1028","1034",109
"1029","1034",194
"1030","1034",59
"1031","1034",139
"1032","1034",118
"1033","1034",319
"1034","1034",546
"1035","1034",76
"1036","1034",90
"1037","1034",452
"1038","1034",59
"1039","1034",45
"1040","1034",139
"1041","1034",177
"1042","1034",1
"1043","1034",54
"1044","1034",8
"1045","1034",41
"1046","1034",6
"1047","1034",9
"1048","1034",8
"1049","1034",5
"1050","1034",1
"1059","1034",0
"1061","1034",0
"1751","1034",0
"1761","1034",0
"1762","1034",0
"1764","1034",0
"1771","1034",0
"1781","1034",0
"1791","1034",0
"1000","1035",21
"1001","1035",20
"1002","1035",0
"1003","1035",9
"1004","1035",10
"1005","1035",9
"1006","1035",4
"1007","1035",7
"1008","1035",0
"1009","1035",7
"1010","1035",8
"1011","1035",3
"1012","1035",6
"1013","1035",5
"1014","1035",0
"1015","1035",3
"1016","1035",7
"1017","1035",14
"1018","1035",6
"1019","1035",14
"1020","1035",73
"1021","1035",54
"1022","1035",65
"1023","1035",130
"1024","1035",42
"1025","1035",27
"1026","1035",45
"1027","1035",91
"1028","1035",33
"1029","1035",62
"1030","1035",35
"1031","1035",101
"1032","1035",155
"1033","1035",275
"1034","1035",55
"1035","1035",532
"1036","1035",128
"1037","1035",325
"1038","1035",109
"1039","1035",102
"1040","1035",53
"1041","1035",184
"1042","1035",0
"1043","1035",78
"1044","1035",36
"1045","1035",27
"1046","1035",6
"1047","1035",6
"1048","1035",9
"1049","1035",13
"1050","1035",1
"1059","1035",0
"1061","1035",2
"1751","1035",0
"1761","1035",0
"1762","1035",0
"1764","1035",0
"1771","1035",0
"1781","1035",0
"1791","1035",0
"1000","1036",20
"1001","1036",40
"1002","1036",18
"1003","1036",14
"1004","1036",57
"1005","1036",12
"1006","1036",32
"1007","1036",30
"1008","1036",3
"1009","1036",4
"1010","1036",14
"1011","1036",8
"1012","1036",8
"1013","1036",18
"1014","1036",2
"1015","1036",6
"1016","1036",7
"1017","1036",19
"1018","1036",8
"1019","1036",12
"1020","1036",49
"1021","1036",72
"1022","1036",112
"1023","1036",54
"1024","1036",31
"1025","1036",29
"1026","1036",48
"1027","1036",26
"1028","1036",76
"1029","1036",51
"1030","1036",19
"1031","1036",65
"1032","1036",144
"1033","1036",142
"1034","1036",107
"1035","1036",151
"1036","1036",2030
"1037","1036",281
"1038","1036",683
"1039","1036",162
"1040","1036",94
"1041","1036",202
"1042","1036",1
"1043","1036",98
"1044","1036",103
"1045","1036",87
"1046","1036",17
"1047","1036",35
"1048","1036",10
"1049","1036",14
"1050","1036",2
"1059","1036",0
"1061","1036",1
"1751","1036",0
"1761","1036",0
"1762","1036",0
"1764","1036",0
"1771","1036",0
"1781","1036",0
"1791","1036",0
"1000","1037",12
"1001","1037",4
"1002","1037",7
"1003","1037",8
"1004","1037",13
"1005","1037",4
"1006","1037",11
"1007","1037",11
"1008","1037",6
"1009","1037",6
"1010","1037",9
"1011","1037",3
"1012","1037",2
"1013","1037",8
"1014","1037",3
"1015","1037",1
"1016","1037",5
"1017","1037",15
"1018","1037",0
"1019","1037",8
"1020","1037",26
"1021","1037",127
"1022","1037",115
"1023","1037",70
"1024","1037",66
"1025","1037",18
"1026","1037",51
"1027","1037",76
"1028","1037",32
"1029","1037",47
"1030","1037",22
"1031","1037",36
"1032","1037",244
"1033","1037",166
"1034","1037",477
"1035","1037",373
"1036","1037",259
"1037","1037",1039
"1038","1037",929
"1039","1037",48
"1040","1037",93
"1041","1037",121
"1042","1037",0
"1043","1037",62
"1044","1037",35
"1045","1037",23
"1046","1037",6
"1047","1037",3
"1048","1037",7
"1049","1037",7
"1050","1037",0
"1059","1037",0
"1061","1037",0
"1751","1037",0
"1761","1037",0
"1762","1037",0
"1764","1037",0
"1771","1037",0
"1781","1037",0
"1791","1037",0
"1000","1038",23
"1001","1038",6
"1002","1038",7
"1003","1038",5
"1004","1038",124
"1005","1038",4
"1006","1038",38
"1007","1038",9
"1008","1038",0
"1009","1038",1
"1010","1038",10
"1011","1038",2
"1012","1038",6
"1013","1038",7
"1014","1038",1
"1015","1038",2
"1016","1038",4
"1017","1038",3
"1018","1038",3
"1019","1038",0
"1020","1038",4
"1021","1038",5
"1022","1038",22
"1023","1038",9
"1024","1038",5
"1025","1038",0
"1026","1038",2
"1027","1038",15
"1028","1038",35
"1029","1038",9
"1030","1038",4
"1031","1038",26
"1032","1038",4
"1033","1038",27
"1034","1038",47
"1035","1038",101
"1036","1038",617
"1037","1038",897
"1038","1038",529
"1039","1038",212
"1040","1038",264
"1041","1038",1185
"1042","1038",0
"1043","1038",162
"1044","1038",22
"1045","1038",44
"1046","1038",17
"1047","1038",5
"1048","1038",6
"1049","1038",8
"1050","1038",2
"1059","1038",0
"1061","1038",0
"1751","1038",0
"1761","1038",0
"1762","1038",0
"1764","1038",0
"1771","1038",0
"1781","1038",0
"1791","1038",0
"1000","1039",30
"1001","1039",25
"1002","1039",1
"1003","1039",2
"1004","1039",39
"1005","1039",6
"1006","1039",4
"1007","1039",72
"1008","1039",0
"1009","1039",9
"1010","1039",2
"1011","1039",3
"1012","1039",11
"1013","1039",4
"1014","1039",0
"1015","1039",4
"1016","1039",9
"1017","1039",4
"1018","1039",1
"1019","1039",4
"1020","1039",16
"1021","1039",12
"1022","1039",15
"1023","1039",16
"1024","1039",24
"1025","1039",3
"1026","1039",10
"1027","1039",6
"1028","1039",6
"1029","1039",11
"1030","1039",7
"1031","1039",22
"1032","1039",7
"1033","1039",87
"1034","1039",65
"1035","1039",97
"1036","1039",197
"1037","1039",89
"1038","1039",121
"1039","1039",637
"1040","1039",168
"1041","1039",506
"1042","1039",1
"1043","1039",31
"1044","1039",24
"1045","1039",56
"1046","1039",15
"1047","1039",10
"1048","1039",13
"1049","1039",3
"1050","1039",11
"1059","1039",0
"1061","1039",0
"1751","1039",0
"1761","1039",0
"1762","1039",0
"1764","1039",0
"1771","1039",3
"1781","1039",0
"1791","1039",0
"1000","1040",19
"1001","1040",14
"1002","1040",1
"1003","1040",3
"1004","1040",12
"1005","1040",11
"1006","1040",35
"1007","1040",19
"1008","1040",1
"1009","1040",0
"1010","1040",5
"1011","1040",2
"1012","1040",3
"1013","1040",2
"1014","1040",1
"1015","1040",1
"1016","1040",3
"1017","1040",7
"1018","1040",3
"1019","1040",6
"1020","1040",32
"1021","1040",36
"1022","1040",91
"1023","1040",124
"1024","1040",79
"1025","1040",47
"1026","1040",26
"1027","1040",40
"1028","1040",34
"1029","1040",120
"1030","1040",10
"1031","1040",65
"1032","1040",54
"1033","1040",112
"1034","1040",114
"1035","1040",32
"1036","1040",72
"1037","1040",63
"1038","1040",302
"1039","1040",154
"1040","1040",348
"1041","1040",97
"1042","1040",7
"1043","1040",86
"1044","1040",67
"1045","1040",13
"1046","1040",6
"1047","1040",12
"1048","1040",3
"1049","1040",3
"1050","1040",8
"1059","1040",0
"1061","1040",0
"1751","1040",1
"1761","1040",0
"1762","1040",0
"1764","1040",0
"1771","1040",0
"1781","1040",0
"1791","1040",0
"1000","1041",22
"1001","1041",15
"1002","1041",4
"1003","1041",16
"1004","1041",15
"1005","1041",9
"1006","1041",9
"1007","1041",35
"1008","1041",10
"1009","1041",4
"1010","1041",14
"1011","1041",4
"1012","1041",3
"1013","1041",5
"1014","1041",9
"1015","1041",7
"1016","1041",9
"1017","1041",12
"1018","1041",27
"1019","1041",16
"1020","1041",55
"1021","1041",48
"1022","1041",71
"1023","1041",243
"1024","1041",35
"1025","1041",73
"1026","1041",24
"1027","1041",32
"1028","1041",211
"1029","1041",201
"1030","1041",17
"1031","1041",105
"1032","1041",92
"1033","1041",313
"1034","1041",179
"1035","1041",244
"1036","1041",160
"1037","1041",166
"1038","1041",1314
"1039","1041",578
"1040","1041",132
"1041","1041",701
"1042","1041",13
"1043","1041",64
"1044","1041",290
"1045","1041",40
"1046","1041",15
"1047","1041",51
"1048","1041",15
"1049","1041",16
"1050","1041",2
"1059","1041",0
"1061","1041",0
"1751","1041",0
"1761","1041",0
"1762","1041",0
"1764","1041",0
"1771","1041",0
"1781","1041",0
"1791","1041",0
"1000","1042",12
"1001","1042",3
"1002","1042",3
"1003","1042",1
"1004","1042",1
"1005","1042",3
"1006","1042",8
"1007","1042",3
"1008","1042",8
"1009","1042",0
"1010","1042",1
"1011","1042",0
"1012","1042",1
"1013","1042",3
"1014","1042",1
"1015","1042",0
"1016","1042",1
"1017","1042",1
"1018","1042",0
"1019","1042",1
"1020","1042",2
"1021","1042",0
"1022","1042",0
"1023","1042",2
"1024","1042",2
"1025","1042",0
"1026","1042",0
"1027","1042",0
"1028","1042",0
"1029","1042",0
"1030","1042",0
"1031","1042",0
"1032","1042",0
"1033","1042",0
"1034","1042",3
"1035","1042",1
"1036","1042",1
"1037","1042",1
"1038","1042",0
"1039","1042",0
"1040","1042",3
"1041","1042",4
"1042","1042",105
"1043","1042",0
"1044","1042",2
"1045","1042",3
"1046","1042",0
"1047","1042",1
"1048","1042",1
"1049","1042",4
"1050","1042",5
"1059","1042",0
"1061","1042",0
"1751","1042",0
"1761","1042",0
"1762","1042",0
"1764","1042",0
"1771","1042",0
"1781","1042",0
"1791","1042",0
"1000","1043",11
"1001","1043",20
"1002","1043",8
"1003","1043",16
"1004","1043",13
"1005","1043",17
"1006","1043",6
"1007","1043",32
"1008","1043",3
"1009","1043",5
"1010","1043",8
"1011","1043",8
"1012","1043",3
"1013","1043",7
"1014","1043",1
"1015","1043",2
"1016","1043",8
"1017","1043",6
"1018","1043",2
"1019","1043",9
"1020","1043",12
"1021","1043",33
"1022","1043",22
"1023","1043",21
"1024","1043",34
"1025","1043",11
"1026","1043",14
"1027","1043",34
"1028","1043",39
"1029","1043",9
"1030","1043",12
"1031","1043",11
"1032","1043",25
"1033","1043",55
"1034","1043",18
"1035","1043",44
"1036","1043",83
"1037","1043",70
"1038","1043",159
"1039","1043",25
"1040","1043",102
"1041","1043",63
"1042","1043",2
"1043","1043",265
"1044","1043",63
"1045","1043",98
"1046","1043",9
"1047","1043",68
"1048","1043",13
"1049","1043",24
"1050","1043",3
"1059","1043",0
"1061","1043",1
"1751","1043",0
"1761","1043",0
"1762","1043",0
"1764","1043",0
"1771","1043",1
"1781","1043",0
"1791","1043",0
"1000","1044",43
"1001","1044",54
"1002","1044",33
"1003","1044",49
"1004","1044",94
"1005","1044",9
"1006","1044",123
"1007","1044",20
"1008","1044",3
"1009","1044",2
"1010","1044",8
"1011","1044",6
"1012","1044",10
"1013","1044",18
"1014","1044",1
"1015","1044",4
"1016","1044",4
"1017","1044",7
"1018","1044",3
"1019","1044",3
"1020","1044",4
"1021","1044",7
"1022","1044",7
"1023","1044",11
"1024","1044",57
"1025","1044",23
"1026","1044",29
"1027","1044",5
"1028","1044",3
"1029","1044",10
"1030","1044",4
"1031","1044",11
"1032","1044",4
"1033","1044",23
"1034","1044",21
"1035","1044",49
"1036","1044",106
"1037","1044",41
"1038","1044",44
"1039","1044",46
"1040","1044",74
"1041","1044",368
"1042","1044",0
"1043","1044",374
"1044","1044",332
"1045","1044",88
"1046","1044",18
"1047","1044",21
"1048","1044",3
"1049","1044",16
"1050","1044",3
"1059","1044",0
"1061","1044",0
"1751","1044",0
"1761","1044",0
"1762","1044",0
"1764","1044",0
"1771","1044",0
"1781","1044",0
"1791","1044",0
"1000","1045",320
"1001","1045",380
"1002","1045",289
"1003","1045",401
"1004","1045",704
"1005","1045",122
"1006","1045",291
"1007","1045",97
"1008","1045",12
"1009","1045",32
"1010","1045",133
"1011","1045",79
"1012","1045",206
"1013","1045",95
"1014","1045",30
"1015","1045",67
"1016","1045",63
"1017","1045",134
"1018","1045",24
"1019","1045",45
"1020","1045",14
"1021","1045",26
"1022","1045",37
"1023","1045",34
"1024","1045",3
"1025","1045",10
"1026","1045",9
"1027","1045",15
"1028","1045",15
"1029","1045",23
"1030","1045",3
"1031","1045",28
"1032","1045",21
"1033","1045",39
"1034","1045",71
"1035","1045",47
"1036","1045",140
"1037","1045",57
"1038","1045",126
"1039","1045",233
"1040","1045",50
"1041","1045",205
"1042","1045",14
"1043","1045",117
"1044","1045",300
"1045","1045",6952
"1046","1045",466
"1047","1045",357
"1048","1045",798
"1049","1045",892
"1050","1045",11
"1059","1045",2
"1061","1045",5
"1751","1045",0
"1761","1045",0
"1762","1045",0
"1764","1045",0
"1771","1045",0
"1781","1045",0
"1791","1045",0
"1000","1046",59
"1001","1046",163
"1002","1046",129
"1003","1046",221
"1004","1046",102
"1005","1046",99
"1006","1046",51
"1007","1046",53
"1008","1046",7
"1009","1046",8
"1010","1046",100
"1011","1046",21
"1012","1046",45
"1013","1046",111
"1014","1046",13
"1015","1046",10
"1016","1046",35
"1017","1046",30
"1018","1046",14
"1019","1046",9
"1020","1046",2
"1021","1046",2
"1022","1046",15
"1023","1046",2
"1024","1046",2
"1025","1046",1
"1026","1046",6
"1027","1046",0
"1028","1046",2
"1029","1046",7
"1030","1046",0
"1031","1046",3
"1032","1046",12
"1033","1046",17
"1034","1046",26
"1035","1046",6
"1036","1046",17
"1037","1046",16
"1038","1046",38
"1039","1046",59
"1040","1046",10
"1041","1046",66
"1042","1046",4
"1043","1046",33
"1044","1046",77
"1045","1046",225
"1046","1046",1309
"1047","1046",178
"1048","1046",274
"1049","1046",234
"1050","1046",2
"1059","1046",0
"1061","1046",6
"1751","1046",0
"1761","1046",0
"1762","1046",0
"1764","1046",0
"1771","1046",0
"1781","1046",0
"1791","1046",0
"1000","1047",328
"1001","1047",268
"1002","1047",226
"1003","1047",331
"1004","1047",113
"1005","1047",72
"1006","1047",76
"1007","1047",179
"1008","1047",20
"1009","1047",34
"1010","1047",93
"1011","1047",20
"1012","1047",83
"1013","1047",67
"1014","1047",8
"1015","1047",28
"1016","1047",25
"1017","1047",27
"1018","1047",8
"1019","1047",28
"1020","1047",5
"1021","1047",6
"1022","1047",8
"1023","1047",11
"1024","1047",5
"1025","1047",2
"1026","1047",4
"1027","1047",1
"1028","1047",2
"1029","1047",5
"1030","1047",1
"1031","1047",7
"1032","1047",16
"1033","1047",2
"1034","1047",16
"1035","1047",11
"1036","1047",35
"1037","1047",15
"1038","1047",18
"1039","1047",48
"1040","1047",28
"1041","1047",97
"1042","1047",11
"1043","1047",63
"1044","1047",40
"1045","1047",314
"1046","1047",154
"1047","1047",1480
"1048","1047",204
"1049","1047",296
"1050","1047",1
"1059","1047",0
"1061","1047",4
"1751","1047",0
"1761","1047",0
"1762","1047",0
"1764","1047",0
"1771","1047",0
"1781","1047",0
"1791","1047",0
"1000","1048",277
"1001","1048",219
"1002","1048",523
"1003","1048",299
"1004","1048",182
"1005","1048",165
"1006","1048",252
"1007","1048",276
"1008","1048",38
"1009","1048",16
"1010","1048",102
"1011","1048",31
"1012","1048",98
"1013","1048",114
"1014","1048",11
"1015","1048",31
"1016","1048",59
"1017","1048",66
"1018","1048",15
"1019","1048",48
"1020","1048",6
"1021","1048",18
"1022","1048",2
"1023","1048",14
"1024","1048",0
"1025","1048",6
"1026","1048",7
"1027","1048",3
"1028","1048",2
"1029","1048",6
"1030","1048",2
"1031","1048",4
"1032","1048",11
"1033","1048",15
"1034","1048",12
"1035","1048",10
"1036","1048",21
"1037","1048",12
"1038","1048",24
"1039","1048",43
"1040","1048",8
"1041","1048",60
"1042","1048",5
"1043","1048",38
"1044","1048",41
"1045","1048",793
"1046","1048",288
"1047","1048",234
"1048","1048",2181
"1049","1048",247
"1050","1048",4
"1059","1048",0
"1061","1048",8
"1751","1048",0
"1761","1048",0
"1762","1048",0
"1764","1048",0
"1771","1048",0
"1781","1048",0
"1791","1048",0
"1000","1049",253
"1001","1049",484
"1002","1049",393
"1003","1049",328
"1004","1049",465
"1005","1049",328
"1006","1049",731
"1007","1049",198
"1008","1049",44
"1009","1049",68
"1010","1049",165
"1011","1049",73
"1012","1049",191
"1013","1049",377
"1014","1049",15
"1015","1049",126
"1016","1049",88
"1017","1049",109
"1018","1049",28
"1019","1049",48
"1020","1049",22
"1021","1049",20
"1022","1049",10
"1023","1049",2
"1024","1049",1
"1025","1049",4
"1026","1049",0
"1027","1049",0
"1028","1049",7
"1029","1049",3
"1030","1049",1
"1031","1049",9
"1032","1049",3
"1033","1049",10
"1034","1049",6
"1035","1049",17
"1036","1049",27
"1037","1049",6
"1038","1049",18
"1039","1049",28
"1040","1049",9
"1041","1049",36
"1042","1049",8
"1043","1049",33
"1044","1049",25
"1045","1049",753
"1046","1049",282
"1047","1049",383
"1048","1049",216
"1049","1049",2145
"1050","1049",12
"1059","1049",0
"1061","1049",13
"1751","1049",1
"1761","1049",0
"1762","1049",0
"1764","1049",0
"1771","1049",0
"1781","1049",0
"1791","1049",0
"1000","1050",31
"1001","1050",62
"1002","1050",11
"1003","1050",7
"1004","1050",11
"1005","1050",43
"1006","1050",2
"1007","1050",3
"1008","1050",1
"1009","1050",33
"1010","1050",64
"1011","1050",23
"1012","1050",13
"1013","1050",40
"1014","1050",7
"1015","1050",4
"1016","1050",37
"1017","1050",84
"1018","1050",58
"1019","1050",75
"1020","1050",42
"1021","1050",244
"1022","1050",13
"1023","1050",5
"1024","1050",17
"1025","1050",20
"1026","1050",10
"1027","1050",0
"1028","1050",5
"1029","1050",0
"1030","1050",2
"1031","1050",5
"1032","1050",2
"1033","1050",7
"1034","1050",4
"1035","1050",3
"1036","1050",6
"1037","1050",1
"1038","1050",3
"1039","1050",16
"1040","1050",6
"1041","1050",8
"1042","1050",0
"1043","1050",1
"1044","1050",1
"1045","1050",10
"1046","1050",7
"1047","1050",3
"1048","1050",4
"1049","1050",14
"1050","1050",1392
"1059","1050",1
"1061","1050",80
"1751","1050",0
"1761","1050",1
"1762","1050",0
"1764","1050",0
"1771","1050",1
"1781","1050",0
"1791","1050",0
"1000","1059",1
"1001","1059",0
"1002","1059",0
"1003","1059",0
"1004","1059",0
"1005","1059",0
"1006","1059",3
"1007","1059",0
"1008","1059",0
"1009","1059",2
"1010","1059",1
"1011","1059",3
"1012","1059",0
"1013","1059",0
"1014","1059",0
"1015","1059",0
"1016","1059",0
"1017","1059",1
"1018","1059",0
"1019","1059",1
"1020","1059",0
"1021","1059",0
"1022","1059",0
"1023","1059",0
"1024","1059",0
"1025","1059",0
"1026","1059",0
"1027","1059",0
"1028","1059",0
"1029","1059",0
"1030","1059",0
"1031","1059",0
"1032","1059",0
"1033","1059",0
"1034","1059",0
"1035","1059",0
"1036","1059",0
"1037","1059",0
"1038","1059",0
"1039","1059",0
"1040","1059",0
"1041","1059",0
"1042","1059",0
"1043","1059",0
"1044","1059",0
"1045","1059",0
"1046","1059",0
"1047","1059",0
"1048","1059",1
"1049","1059",0
"1050","1059",0
"1059","1059",3
"1061","1059",1
"1751","1059",0
"1761","1059",0
"1762","1059",0
"1764","1059",0
"1771","1059",0
"1781","1059",0
"1791","1059",0
"1000","1061",50
"1001","1061",58
"1002","1061",7
"1003","1061",14
"1004","1061",4
"1005","1061",28
"1006","1061",19
"1007","1061",2
"1008","1061",5
"1009","1061",40
"1010","1061",188
"1011","1061",34
"1012","1061",29
"1013","1061",85
"1014","1061",5
"1015","1061",23
"1016","1061",55
"1017","1061",119
"1018","1061",25
"1019","1061",55
"1020","1061",52
"1021","1061",41
"1022","1061",17
"1023","1061",10
"1024","1061",3
"1025","1061",25
"1026","1061",15
"1027","1061",1
"1028","1061",1
"1029","1061",3
"1030","1061",0
"1031","1061",4
"1032","1061",1
"1033","1061",1
"1034","1061",4
"1035","1061",3
"1036","1061",1
"1037","1061",5
"1038","1061",0
"1039","1061",1
"1040","1061",2
"1041","1061",1
"1042","1061",1
"1043","1061",5
"1044","1061",1
"1045","1061",11
"1046","1061",8
"1047","1061",2
"1048","1061",6
"1049","1061",4
"1050","1061",300
"1059","1061",0
"1061","1061",471
"1751","1061",0
"1761","1061",0
"1762","1061",0
"1764","1061",0
"1771","1061",0
"1781","1061",0
"1791","1061",0
"1000","1063",0
"1001","1063",0
"1002","1063",0
"1003","1063",0
"1004","1063",0
"1005","1063",0
"1006","1063",0
"1007","1063",0
"1008","1063",0
"1009","1063",0
"1010","1063",0
"1011","1063",0
"1012","1063",0
"1013","1063",0
"1014","1063",0
"1015","1063",0
"1016","1063",0
"1017","1063",0
"1018","1063",0
"1019","1063",0
"1020","1063",0
"1021","1063",0
"1022","1063",0
"1023","1063",0
"1024","1063",0
"1025","1063",0
"1026","1063",0
"1027","1063",0
"1028","1063",0
"1029","1063",0
"1030","1063",0
"1031","1063",0
"1032","1063",0
"1033","1063",0
"1034","1063",0
"1035","1063",0
"1036","1063",0
"1037","1063",0
"1038","1063",0
"1039","1063",0
"1040","1063",0
"1041","1063",0
"1042","1063",0
"1043","1063",0
"1044","1063",0
"1045","1063",0
"1046","1063",0
"1047","1063",0
"1048","1063",0
"1049","1063",0
"1050","1063",1
"1059","1063",0
"1061","1063",0
"1751","1063",0
"1761","1063",0
"1762","1063",0
"1764","1063",0
"1771","1063",0
"1781","1063",0
"1791","1063",0
"1000","1751",0
"1001","1751",0
"1002","1751",0
"1003","1751",1
"1004","1751",0
"1005","1751",0
"1006","1751",0
"1007","1751",0
"1008","1751",0
"1009","1751",0
"1010","1751",0
"1011","1751",0
"1012","1751",0
"1013","1751",0
"1014","1751",0
"1015","1751",0
"1016","1751",0
"1017","1751",0
"1018","1751",0
"1019","1751",0
"1020","1751",0
"1021","1751",0
"1022","1751",0
"1023","1751",0
"1024","1751",0
"1025","1751",0
"1026","1751",0
"1027","1751",0
"1028","1751",0
"1029","1751",0
"1030","1751",0
"1031","1751",0
"1032","1751",0
"1033","1751",0
"1034","1751",0
"1035","1751",0
"1036","1751",0
"1037","1751",0
"1038","1751",0
"1039","1751",0
"1040","1751",0
"1041","1751",0
"1042","1751",0
"1043","1751",0
"1044","1751",0
"1045","1751",0
"1046","1751",0
"1047","1751",0
"1048","1751",0
"1049","1751",0
"1050","1751",0
"1059","1751",0
"1061","1751",0
"1751","1751",8
"1761","1751",0
"1762","1751",0
"1764","1751",0
"1771","1751",0
"1781","1751",0
"1791","1751",0
"1000","1761",1
"1001","1761",0
"1002","1761",0
"1003","1761",0
"1004","1761",0
"1005","1761",0
"1006","1761",0
"1007","1761",0
"1008","1761",0
"1009","1761",0
"1010","1761",0
"1011","1761",0
"1012","1761",0
"1013","1761",0
"1014","1761",1
"1015","1761",0
"1016","1761",0
"1017","1761",0
"1018","1761",0
"1019","1761",0
"1020","1761",0
"1021","1761",0
"1022","1761",0
"1023","1761",0
"1024","1761",0
"1025","1761",0
"1026","1761",0
"1027","1761",0
"1028","1761",0
"1029","1761",0
"1030","1761",0
"1031","1761",0
"1032","1761",0
"1033","1761",0
"1034","1761",0
"1035","1761",0
"1036","1761",0
"1037","1761",0
"1038","1761",0
"1039","1761",0
"1040","1761",0
"1041","1761",0
"1042","1761",0
"1043","1761",0
"1044","1761",0
"1045","1761",0
"1046","1761",0
"1047","1761",0
"1048","1761",0
"1049","1761",0
"1050","1761",0
"1059","1761",0
"1061","1761",0
"1751","1761",0
"1761","1761",15
"1762","1761",2
"1764","1761",0
"1771","1761",0
"1781","1761",0
"1791","1761",0
"1000","1762",0
"1001","1762",4
"1002","1762",0
"1003","1762",0
"1004","1762",0
"1005","1762",0
"1006","1762",0
"1007","1762",0
"1008","1762",0
"1009","1762",0
"1010","1762",1
"1011","1762",0
"1012","1762",0
"1013","1762",1
"1014","1762",0
"1015","1762",2
"1016","1762",0
"1017","1762",0
"1018","1762",0
"1019","1762",0
"1020","1762",0
"1021","1762",0
"1022","1762",0
"1023","1762",0
"1024","1762",0
"1025","1762",0
"1026","1762",0
"1027","1762",0
"1028","1762",0
"1029","1762",0
"1030","1762",0
"1031","1762",0
"1032","1762",0
"1033","1762",0
"1034","1762",0
"1035","1762",0
"1036","1762",0
"1037","1762",0
"1038","1762",0
"1039","1762",0
"1040","1762",0
"1041","1762",0
"1042","1762",0
"1043","1762",0
"1044","1762",0
"1045","1762",0
"1046","1762",0
"1047","1762",0
"1048","1762",0
"1049","1762",0
"1050","1762",0
"1059","1762",0
"1061","1762",0
"1751","1762",0
"1761","1762",0
"1762","1762",5
"1764","1762",0
"1771","1762",0
"1781","1762",0
"1791","1762",0
"1000","1764",0
"1001","1764",0
"1002","1764",0
"1003","1764",0
"1004","1764",0
"1005","1764",0
"1006","1764",0
"1007","1764",0
"1008","1764",0
"1009","1764",0
"1010","1764",0
"1011","1764",0
"1012","1764",0
"1013","1764",0
"1014","1764",0
"1015","1764",0
"1016","1764",0
"1017","1764",0
"1018","1764",0
"1019","1764",0
"1020","1764",0
"1021","1764",0
"1022","1764",0
"1023","1764",0
"1024","1764",0
"1025","1764",0
"1026","1764",0
"1027","1764",0
"1028","1764",0
"1029","1764",0
"1030","1764",0
"1031","1764",0
"1032","1764",0
"1033","1764",0
"1034","1764",0
"1035","1764",0
"1036","1764",0
"1037","1764",0
"1038","1764",0
"1039","1764",0
"1040","1764",0
"1041","1764",0
"1042","1764",0
"1043","1764",0
"1044","1764",0
"1045","1764",0
"1046","1764",0
"1047","1764",0
"1048","1764",0
"1049","1764",0
"1050","1764",0
"1059","1764",0
"1061","1764",0
"1751","1764",0
"1761","1764",0
"1762","1764",0
"1764","1764",1
"1771","1764",0
"1781","1764",0
"1791","1764",0
"1000","1771",1
"1001","1771",0
"1002","1771",0
"1003","1771",1
"1004","1771",4
"1005","1771",1
"1006","1771",0
"1007","1771",0
"1008","1771",0
"1009","1771",0
"1010","1771",4
"1011","1771",0
"1012","1771",0
"1013","1771",2
"1014","1771",0
"1015","1771",0
"1016","1771",0
"1017","1771",0
"1018","1771",0
"1019","1771",0
"1020","1771",0
"1021","1771",0
"1022","1771",0
"1023","1771",0
"1024","1771",0
"1025","1771",0
"1026","1771",0
"1027","1771",0
"1028","1771",0
"1029","1771",0
"1030","1771",0
"1031","1771",0
"1032","1771",0
"1033","1771",0
"1034","1771",0
"1035","1771",0
"1036","1771",0
"1037","1771",0
"1038","1771",0
"1039","1771",1
"1040","1771",0
"1041","1771",1
"1042","1771",0
"1043","1771",0
"1044","1771",0
"1045","1771",3
"1046","1771",0
"1047","1771",0
"1048","1771",0
"1049","1771",0
"1050","1771",0
"1059","1771",0
"1061","1771",0
"1751","1771",0
"1761","1771",0
"1762","1771",0
"1764","1771",0
"1771","1771",22
"1781","1771",0
"1791","1771",0
"1000","1781",0
"1001","1781",0
"1002","1781",0
"1003","1781",0
"1004","1781",0
"1005","1781",0
"1006","1781",0
"1007","1781",0
"1008","1781",0
"1009","1781",0
"1010","1781",0
"1011","1781",0
"1012","1781",0
"1013","1781",0
"1014","1781",0
"1015","1781",0
"1016","1781",0
"1017","1781",0
"1018","1781",0
"1019","1781",0
"1020","1781",0
"1021","1781",0
"1022","1781",0
"1023","1781",1
"1024","1781",0
"1025","1781",0
"1026","1781",0
"1027","1781",2
"1028","1781",2
"1029","1781",0
"1030","1781",0
"1031","1781",0
"1032","1781",0
"1033","1781",0
"1034","1781",0
"1035","1781",0
"1036","1781",0
"1037","1781",0
"1038","1781",0
"1039","1781",0
"1040","1781",0
"1041","1781",0
"1042","1781",0
"1043","1781",0
"1044","1781",0
"1045","1781",0
"1046","1781",0
"1047","1781",0
"1048","1781",0
"1049","1781",0
"1050","1781",0
"1059","1781",0
"1061","1781",0
"1751","1781",0
"1761","1781",0
"1762","1781",0
"1764","1781",0
"1771","1781",0
"1781","1781",0
"1791","1781",0
"1000","1791",0
"1001","1791",0
"1002","1791",0
"1003","1791",0
"1004","1791",0
"1005","1791",0
"1006","1791",0
"1007","1791",0
"1008","1791",0
"1009","1791",0
"1010","1791",0
"1011","1791",0
"1012","1791",0
"1013","1791",0
"1014","1791",0
"1015","1791",0
"1016","1791",0
"1017","1791",0
"1018","1791",0
"1019","1791",0
"1020","1791",0
"1021","1791",0
"1022","1791",0
"1023","1791",0
"1024","1791",0
"1025","1791",0
"1026","1791",0
"1027","1791",0
"1028","1791",0
"1029","1791",0
"1030","1791",0
"1031","1791",0
"1032","1791",0
"1033","1791",0
"1034","1791",0
"1035","1791",0
"1036","1791",0
"1037","1791",0
"1038","1791",0
"1039","1791",0
"1040","1791",0
"1041","1791",0
"1042","1791",0
"1043","1791",0
"1044","1791",0
"1045","1791",0
"1046","1791",0
"1047","1791",0
"1048","1791",0
"1049","1791",0
"1050","1791",0
"1059","1791",0
"1061","1791",0
"1751","1791",0
"1761","1791",0
"1762","1791",0
"1764","1791",0
"1771","1791",0
"1781","1791",0
"1791","1791",34
