"","From.station.id","To.station.id","Freq"
"1","1000","1000",4997
"2","1001","1000",818
"3","1002","1000",245
"4","1003","1000",151
"5","1004","1000",91
"6","1005","1000",110
"7","1006","1000",114
"8","1007","1000",145
"9","1008","1000",132
"10","1009","1000",309
"11","1010","1000",541
"12","1011","1000",130
"13","1012","1000",472
"14","1013","1000",424
"15","1014","1000",140
"16","1015","1000",213
"17","1016","1000",591
"18","1017","1000",1087
"19","1018","1000",161
"20","1019","1000",231
"21","1020","1000",344
"22","1021","1000",78
"23","1022","1000",56
"24","1023","1000",37
"25","1024","1000",25
"26","1025","1000",28
"27","1026","1000",310
"28","1027","1000",12
"29","1028","1000",16
"30","1029","1000",20
"31","1030","1000",6
"32","1031","1000",17
"33","1032","1000",28
"34","1033","1000",63
"35","1034","1000",20
"36","1035","1000",54
"37","1036","1000",101
"38","1037","1000",57
"39","1038","1000",47
"40","1039","1000",85
"41","1040","1000",29
"42","1041","1000",92
"43","1042","1000",50
"44","1043","1000",51
"45","1044","1000",96
"46","1045","1000",429
"47","1046","1000",95
"48","1047","1000",281
"49","1048","1000",145
"50","1049","1000",277
"51","1050","1000",41
"52","1059","1000",3
"53","1061","1000",92
"54","1751","1000",0
"55","1761","1000",0
"56","1762","1000",1
"57","1764","1000",0
"58","1771","1000",2
"59","1781","1000",0
"60","1791","1000",0
"61","1000","1001",644
"62","1001","1001",3452
"63","1002","1001",158
"64","1003","1001",218
"65","1004","1001",302
"66","1005","1001",205
"67","1006","1001",130
"68","1007","1001",348
"69","1008","1001",247
"70","1009","1001",427
"71","1010","1001",469
"72","1011","1001",139
"73","1012","1001",538
"74","1013","1001",612
"75","1014","1001",157
"76","1015","1001",419
"77","1016","1001",662
"78","1017","1001",936
"79","1018","1001",334
"80","1019","1001",278
"81","1020","1001",68
"82","1021","1001",103
"83","1022","1001",91
"84","1023","1001",35
"85","1024","1001",20
"86","1025","1001",448
"87","1026","1001",50
"88","1027","1001",9
"89","1028","1001",10
"90","1029","1001",11
"91","1030","1001",11
"92","1031","1001",21
"93","1032","1001",53
"94","1033","1001",33
"95","1034","1001",21
"96","1035","1001",16
"97","1036","1001",66
"98","1037","1001",21
"99","1038","1001",25
"100","1039","1001",44
"101","1040","1001",13
"102","1041","1001",70
"103","1042","1001",44
"104","1043","1001",41
"105","1044","1001",111
"106","1045","1001",295
"107","1046","1001",150
"108","1047","1001",416
"109","1048","1001",330
"110","1049","1001",466
"111","1050","1001",70
"112","1059","1001",0
"113","1061","1001",64
"114","1751","1001",3
"115","1761","1001",7
"116","1762","1001",3
"117","1764","1001",0
"118","1771","1001",0
"119","1781","1001",0
"120","1791","1001",0
"121","1000","1002",119
"122","1001","1002",138
"123","1002","1002",823
"124","1003","1002",66
"125","1004","1002",52
"126","1005","1002",44
"127","1006","1002",33
"128","1007","1002",61
"129","1008","1002",39
"130","1009","1002",65
"131","1010","1002",65
"132","1011","1002",26
"133","1012","1002",101
"134","1013","1002",83
"135","1014","1002",24
"136","1015","1002",112
"137","1016","1002",89
"138","1017","1002",120
"139","1018","1002",32
"140","1019","1002",52
"141","1020","1002",44
"142","1021","1002",67
"143","1022","1002",9
"144","1023","1002",3
"145","1024","1002",3
"146","1025","1002",9
"147","1026","1002",2
"148","1027","1002",0
"149","1028","1002",11
"150","1029","1002",4
"151","1030","1002",1
"152","1031","1002",6
"153","1032","1002",52
"154","1033","1002",12
"155","1034","1002",5
"156","1035","1002",9
"157","1036","1002",18
"158","1037","1002",10
"159","1038","1002",11
"160","1039","1002",23
"161","1040","1002",8
"162","1041","1002",11
"163","1042","1002",6
"164","1043","1002",18
"165","1044","1002",139
"166","1045","1002",192
"167","1046","1002",139
"168","1047","1002",199
"169","1048","1002",292
"170","1049","1002",287
"171","1050","1002",3
"172","1059","1002",0
"173","1061","1002",8
"174","1751","1002",0
"175","1761","1002",0
"176","1762","1002",0
"177","1764","1002",0
"178","1771","1002",0
"179","1781","1002",0
"180","1791","1002",0
"181","1000","1003",128
"182","1001","1003",149
"183","1002","1003",86
"184","1003","1003",781
"185","1004","1003",159
"186","1005","1003",43
"187","1006","1003",52
"188","1007","1003",55
"189","1008","1003",29
"190","1009","1003",62
"191","1010","1003",153
"192","1011","1003",23
"193","1012","1003",75
"194","1013","1003",89
"195","1014","1003",18
"196","1015","1003",33
"197","1016","1003",226
"198","1017","1003",128
"199","1018","1003",24
"200","1019","1003",45
"201","1020","1003",8
"202","1021","1003",45
"203","1022","1003",6
"204","1023","1003",6
"205","1024","1003",6
"206","1025","1003",13
"207","1026","1003",2
"208","1027","1003",1
"209","1028","1003",6
"210","1029","1003",5
"211","1030","1003",4
"212","1031","1003",0
"213","1032","1003",15
"214","1033","1003",13
"215","1034","1003",8
"216","1035","1003",14
"217","1036","1003",21
"218","1037","1003",12
"219","1038","1003",14
"220","1039","1003",30
"221","1040","1003",9
"222","1041","1003",17
"223","1042","1003",102
"224","1043","1003",14
"225","1044","1003",140
"226","1045","1003",294
"227","1046","1003",273
"228","1047","1003",353
"229","1048","1003",150
"230","1049","1003",363
"231","1050","1003",9
"232","1059","1003",0
"233","1061","1003",19
"234","1751","1003",1
"235","1761","1003",0
"236","1762","1003",0
"237","1764","1003",0
"238","1771","1003",1
"239","1781","1003",0
"240","1791","1003",0
"241","1000","1004",99
"242","1001","1004",91
"243","1002","1004",57
"244","1003","1004",130
"245","1004","1004",1923
"246","1005","1004",78
"247","1006","1004",68
"248","1007","1004",34
"249","1008","1004",61
"250","1009","1004",21
"251","1010","1004",59
"252","1011","1004",27
"253","1012","1004",47
"254","1013","1004",45
"255","1014","1004",36
"256","1015","1004",31
"257","1016","1004",45
"258","1017","1004",58
"259","1018","1004",9
"260","1019","1004",14
"261","1020","1004",2
"262","1021","1004",11
"263","1022","1004",6
"264","1023","1004",4
"265","1024","1004",2
"266","1025","1004",1
"267","1026","1004",0
"268","1027","1004",4
"269","1028","1004",12
"270","1029","1004",0
"271","1030","1004",2
"272","1031","1004",2
"273","1032","1004",40
"274","1033","1004",14
"275","1034","1004",29
"276","1035","1004",45
"277","1036","1004",66
"278","1037","1004",177
"279","1038","1004",333
"280","1039","1004",24
"281","1040","1004",12
"282","1041","1004",156
"283","1042","1004",1
"284","1043","1004",35
"285","1044","1004",62
"286","1045","1004",419
"287","1046","1004",64
"288","1047","1004",44
"289","1048","1004",108
"290","1049","1004",493
"291","1050","1004",7
"292","1059","1004",0
"293","1061","1004",0
"294","1751","1004",0
"295","1761","1004",0
"296","1762","1004",0
"297","1764","1004",0
"298","1771","1004",0
"299","1781","1004",0
"300","1791","1004",0
"301","1000","1005",76
"302","1001","1005",100
"303","1002","1005",36
"304","1003","1005",32
"305","1004","1005",48
"306","1005","1005",552
"307","1006","1005",48
"308","1007","1005",165
"309","1008","1005",48
"310","1009","1005",50
"311","1010","1005",73
"312","1011","1005",24
"313","1012","1005",34
"314","1013","1005",55
"315","1014","1005",31
"316","1015","1005",133
"317","1016","1005",149
"318","1017","1005",146
"319","1018","1005",61
"320","1019","1005",264
"321","1020","1005",18
"322","1021","1005",46
"323","1022","1005",37
"324","1023","1005",4
"325","1024","1005",6
"326","1025","1005",6
"327","1026","1005",2
"328","1027","1005",1
"329","1028","1005",1
"330","1029","1005",3
"331","1030","1005",0
"332","1031","1005",0
"333","1032","1005",6
"334","1033","1005",4
"335","1034","1005",2
"336","1035","1005",12
"337","1036","1005",18
"338","1037","1005",12
"339","1038","1005",11
"340","1039","1005",3
"341","1040","1005",12
"342","1041","1005",17
"343","1042","1005",20
"344","1043","1005",21
"345","1044","1005",17
"346","1045","1005",68
"347","1046","1005",85
"348","1047","1005",52
"349","1048","1005",122
"350","1049","1005",306
"351","1050","1005",65
"352","1059","1005",0
"353","1061","1005",23
"354","1751","1005",0
"355","1761","1005",0
"356","1762","1005",0
"357","1764","1005",0
"358","1771","1005",0
"359","1781","1005",0
"360","1791","1005",0
"361","1000","1006",94
"362","1001","1006",74
"363","1002","1006",41
"364","1003","1006",84
"365","1004","1006",50
"366","1005","1006",43
"367","1006","1006",677
"368","1007","1006",84
"369","1008","1006",407
"370","1009","1006",70
"371","1010","1006",59
"372","1011","1006",25
"373","1012","1006",67
"374","1013","1006",74
"375","1014","1006",70
"376","1015","1006",119
"377","1016","1006",170
"378","1017","1006",164
"379","1018","1006",47
"380","1019","1006",40
"381","1020","1006",15
"382","1021","1006",18
"383","1022","1006",12
"384","1023","1006",11
"385","1024","1006",78
"386","1025","1006",3
"387","1026","1006",4
"388","1027","1006",1
"389","1028","1006",3
"390","1029","1006",2
"391","1030","1006",5
"392","1031","1006",6
"393","1032","1006",80
"394","1033","1006",28
"395","1034","1006",6
"396","1035","1006",10
"397","1036","1006",13
"398","1037","1006",19
"399","1038","1006",56
"400","1039","1006",6
"401","1040","1006",14
"402","1041","1006",84
"403","1042","1006",98
"404","1043","1006",19
"405","1044","1006",11
"406","1045","1006",92
"407","1046","1006",49
"408","1047","1006",30
"409","1048","1006",143
"410","1049","1006",474
"411","1050","1006",4
"412","1059","1006",1
"413","1061","1006",12
"414","1751","1006",0
"415","1761","1006",0
"416","1762","1006",0
"417","1764","1006",0
"418","1771","1006",0
"419","1781","1006",0
"420","1791","1006",0
"421","1000","1007",106
"422","1001","1007",186
"423","1002","1007",52
"424","1003","1007",67
"425","1004","1007",25
"426","1005","1007",172
"427","1006","1007",64
"428","1007","1007",581
"429","1008","1007",13
"430","1009","1007",16
"431","1010","1007",49
"432","1011","1007",10
"433","1012","1007",61
"434","1013","1007",29
"435","1014","1007",4
"436","1015","1007",12
"437","1016","1007",56
"438","1017","1007",43
"439","1018","1007",4
"440","1019","1007",3
"441","1020","1007",3
"442","1021","1007",3
"443","1022","1007",1
"444","1023","1007",3
"445","1024","1007",4
"446","1025","1007",6
"447","1026","1007",1
"448","1027","1007",0
"449","1028","1007",0
"450","1029","1007",3
"451","1030","1007",1
"452","1031","1007",1
"453","1032","1007",0
"454","1033","1007",6
"455","1034","1007",7
"456","1035","1007",10
"457","1036","1007",32
"458","1037","1007",13
"459","1038","1007",9
"460","1039","1007",165
"461","1040","1007",7
"462","1041","1007",96
"463","1042","1007",15
"464","1043","1007",24
"465","1044","1007",10
"466","1045","1007",105
"467","1046","1007",31
"468","1047","1007",122
"469","1048","1007",268
"470","1049","1007",207
"471","1050","1007",0
"472","1059","1007",0
"473","1061","1007",1
"474","1751","1007",2
"475","1761","1007",0
"476","1762","1007",0
"477","1764","1007",0
"478","1771","1007",0
"479","1781","1007",0
"480","1791","1007",0
"481","1000","1008",55
"482","1001","1008",79
"483","1002","1008",12
"484","1003","1008",10
"485","1004","1008",19
"486","1005","1008",34
"487","1006","1008",222
"488","1007","1008",10
"489","1008","1008",256
"490","1009","1008",27
"491","1010","1008",25
"492","1011","1008",8
"493","1012","1008",35
"494","1013","1008",29
"495","1014","1008",2
"496","1015","1008",20
"497","1016","1008",40
"498","1017","1008",40
"499","1018","1008",2
"500","1019","1008",4
"501","1020","1008",2
"502","1021","1008",4
"503","1022","1008",3
"504","1023","1008",0
"505","1024","1008",7
"506","1025","1008",0
"507","1026","1008",2
"508","1027","1008",1
"509","1028","1008",0
"510","1029","1008",0
"511","1030","1008",3
"512","1031","1008",1
"513","1032","1008",2
"514","1033","1008",2
"515","1034","1008",1
"516","1035","1008",2
"517","1036","1008",2
"518","1037","1008",3
"519","1038","1008",1
"520","1039","1008",1
"521","1040","1008",5
"522","1041","1008",13
"523","1042","1008",28
"524","1043","1008",8
"525","1044","1008",5
"526","1045","1008",10
"527","1046","1008",1
"528","1047","1008",14
"529","1048","1008",32
"530","1049","1008",27
"531","1050","1008",0
"532","1059","1008",0
"533","1061","1008",3
"534","1751","1008",0
"535","1761","1008",0
"536","1762","1008",0
"537","1764","1008",0
"538","1771","1008",0
"539","1781","1008",0
"540","1791","1008",0
"541","1000","1009",224
"542","1001","1009",444
"543","1002","1009",95
"544","1003","1009",47
"545","1004","1009",26
"546","1005","1009",42
"547","1006","1009",50
"548","1007","1009",15
"549","1008","1009",33
"550","1009","1009",1100
"551","1010","1009",176
"552","1011","1009",47
"553","1012","1009",94
"554","1013","1009",160
"555","1014","1009",6
"556","1015","1009",57
"557","1016","1009",133
"558","1017","1009",208
"559","1018","1009",47
"560","1019","1009",89
"561","1020","1009",48
"562","1021","1009",28
"563","1022","1009",53
"564","1023","1009",7
"565","1024","1009",2
"566","1025","1009",16
"567","1026","1009",6
"568","1027","1009",1
"569","1028","1009",2
"570","1029","1009",5
"571","1030","1009",1
"572","1031","1009",3
"573","1032","1009",4
"574","1033","1009",1
"575","1034","1009",8
"576","1035","1009",4
"577","1036","1009",3
"578","1037","1009",0
"579","1038","1009",5
"580","1039","1009",10
"581","1040","1009",2
"582","1041","1009",7
"583","1042","1009",9
"584","1043","1009",3
"585","1044","1009",3
"586","1045","1009",20
"587","1046","1009",13
"588","1047","1009",10
"589","1048","1009",17
"590","1049","1009",26
"591","1050","1009",26
"592","1059","1009",1
"593","1061","1009",25
"594","1751","1009",0
"595","1761","1009",0
"596","1762","1009",0
"597","1764","1009",0
"598","1771","1009",0
"599","1781","1009",0
"600","1791","1009",0
"601","1000","1010",487
"602","1001","1010",478
"603","1002","1010",85
"604","1003","1010",128
"605","1004","1010",66
"606","1005","1010",96
"607","1006","1010",102
"608","1007","1010",70
"609","1008","1010",100
"610","1009","1010",216
"611","1010","1010",2665
"612","1011","1010",219
"613","1012","1010",321
"614","1013","1010",401
"615","1014","1010",115
"616","1015","1010",313
"617","1016","1010",994
"618","1017","1010",1271
"619","1018","1010",333
"620","1019","1010",323
"621","1020","1010",149
"622","1021","1010",180
"623","1022","1010",115
"624","1023","1010",48
"625","1024","1010",30
"626","1025","1010",43
"627","1026","1010",10
"628","1027","1010",6
"629","1028","1010",13
"630","1029","1010",9
"631","1030","1010",7
"632","1031","1010",12
"633","1032","1010",110
"634","1033","1010",59
"635","1034","1010",12
"636","1035","1010",9
"637","1036","1010",20
"638","1037","1010",10
"639","1038","1010",74
"640","1039","1010",11
"641","1040","1010",14
"642","1041","1010",35
"643","1042","1010",14
"644","1043","1010",21
"645","1044","1010",23
"646","1045","1010",132
"647","1046","1010",139
"648","1047","1010",73
"649","1048","1010",99
"650","1049","1010",127
"651","1050","1010",73
"652","1059","1010",0
"653","1061","1010",156
"654","1751","1010",0
"655","1761","1010",0
"656","1762","1010",0
"657","1764","1010",0
"658","1771","1010",0
"659","1781","1010",0
"660","1791","1010",1
"661","1000","1011",93
"662","1001","1011",127
"663","1002","1011",43
"664","1003","1011",45
"665","1004","1011",50
"666","1005","1011",31
"667","1006","1011",28
"668","1007","1011",22
"669","1008","1011",52
"670","1009","1011",100
"671","1010","1011",205
"672","1011","1011",1495
"673","1012","1011",226
"674","1013","1011",200
"675","1014","1011",97
"676","1015","1011",238
"677","1016","1011",174
"678","1017","1011",348
"679","1018","1011",118
"680","1019","1011",144
"681","1020","1011",25
"682","1021","1011",48
"683","1022","1011",6
"684","1023","1011",29
"685","1024","1011",9
"686","1025","1011",11
"687","1026","1011",8
"688","1027","1011",15
"689","1028","1011",3
"690","1029","1011",9
"691","1030","1011",4
"692","1031","1011",7
"693","1032","1011",5
"694","1033","1011",19
"695","1034","1011",10
"696","1035","1011",9
"697","1036","1011",13
"698","1037","1011",15
"699","1038","1011",9
"700","1039","1011",9
"701","1040","1011",6
"702","1041","1011",12
"703","1042","1011",13
"704","1043","1011",11
"705","1044","1011",16
"706","1045","1011",101
"707","1046","1011",27
"708","1047","1011",25
"709","1048","1011",57
"710","1049","1011",76
"711","1050","1011",17
"712","1059","1011",1
"713","1061","1011",53
"714","1751","1011",0
"715","1761","1011",0
"716","1762","1011",1
"717","1764","1011",0
"718","1771","1011",0
"719","1781","1011",0
"720","1791","1011",0
"721","1000","1012",523
"722","1001","1012",598
"723","1002","1012",118
"724","1003","1012",79
"725","1004","1012",86
"726","1005","1012",63
"727","1006","1012",65
"728","1007","1012",71
"729","1008","1012",57
"730","1009","1012",119
"731","1010","1012",332
"732","1011","1012",257
"733","1012","1012",5244
"734","1013","1012",531
"735","1014","1012",231
"736","1015","1012",224
"737","1016","1012",221
"738","1017","1012",388
"739","1018","1012",98
"740","1019","1012",228
"741","1020","1012",44
"742","1021","1012",46
"743","1022","1012",26
"744","1023","1012",17
"745","1024","1012",11
"746","1025","1012",13
"747","1026","1012",21
"748","1027","1012",3
"749","1028","1012",12
"750","1029","1012",15
"751","1030","1012",2
"752","1031","1012",9
"753","1032","1012",12
"754","1033","1012",15
"755","1034","1012",11
"756","1035","1012",10
"757","1036","1012",27
"758","1037","1012",6
"759","1038","1012",16
"760","1039","1012",37
"761","1040","1012",6
"762","1041","1012",32
"763","1042","1012",4
"764","1043","1012",16
"765","1044","1012",19
"766","1045","1012",240
"767","1046","1012",82
"768","1047","1012",97
"769","1048","1012",140
"770","1049","1012",166
"771","1050","1012",18
"772","1059","1012",0
"773","1061","1012",39
"774","1751","1012",0
"775","1761","1012",0
"776","1762","1012",0
"777","1764","1012",0
"778","1771","1012",0
"779","1781","1012",0
"780","1791","1012",0
"781","1000","1013",467
"782","1001","1013",529
"783","1002","1013",79
"784","1003","1013",113
"785","1004","1013",40
"786","1005","1013",89
"787","1006","1013",115
"788","1007","1013",38
"789","1008","1013",46
"790","1009","1013",177
"791","1010","1013",394
"792","1011","1013",293
"793","1012","1013",444
"794","1013","1013",3154
"795","1014","1013",159
"796","1015","1013",269
"797","1016","1013",250
"798","1017","1013",535
"799","1018","1013",155
"800","1019","1013",365
"801","1020","1013",62
"802","1021","1013",50
"803","1022","1013",42
"804","1023","1013",17
"805","1024","1013",8
"806","1025","1013",28
"807","1026","1013",29
"808","1027","1013",4
"809","1028","1013",8
"810","1029","1013",17
"811","1030","1013",5
"812","1031","1013",7
"813","1032","1013",8
"814","1033","1013",35
"815","1034","1013",7
"816","1035","1013",9
"817","1036","1013",11
"818","1037","1013",8
"819","1038","1013",15
"820","1039","1013",17
"821","1040","1013",8
"822","1041","1013",26
"823","1042","1013",2
"824","1043","1013",19
"825","1044","1013",24
"826","1045","1013",152
"827","1046","1013",98
"828","1047","1013",165
"829","1048","1013",90
"830","1049","1013",408
"831","1050","1013",11
"832","1059","1013",1
"833","1061","1013",36
"834","1751","1013",0
"835","1761","1013",0
"836","1762","1013",0
"837","1764","1013",0
"838","1771","1013",0
"839","1781","1013",0
"840","1791","1013",0
"841","1000","1014",118
"842","1001","1014",136
"843","1002","1014",35
"844","1003","1014",14
"845","1004","1014",26
"846","1005","1014",30
"847","1006","1014",74
"848","1007","1014",4
"849","1008","1014",7
"850","1009","1014",39
"851","1010","1014",93
"852","1011","1014",84
"853","1012","1014",137
"854","1013","1014",98
"855","1014","1014",895
"856","1015","1014",122
"857","1016","1014",54
"858","1017","1014",77
"859","1018","1014",17
"860","1019","1014",35
"861","1020","1014",12
"862","1021","1014",6
"863","1022","1014",11
"864","1023","1014",1
"865","1024","1014",5
"866","1025","1014",0
"867","1026","1014",3
"868","1027","1014",0
"869","1028","1014",4
"870","1029","1014",1
"871","1030","1014",1
"872","1031","1014",2
"873","1032","1014",1
"874","1033","1014",2
"875","1034","1014",1
"876","1035","1014",3
"877","1036","1014",3
"878","1037","1014",0
"879","1038","1014",0
"880","1039","1014",1
"881","1040","1014",7
"882","1041","1014",1
"883","1042","1014",0
"884","1043","1014",2
"885","1044","1014",0
"886","1045","1014",13
"887","1046","1014",11
"888","1047","1014",11
"889","1048","1014",18
"890","1049","1014",27
"891","1050","1014",23
"892","1059","1014",0
"893","1061","1014",4
"894","1751","1014",0
"895","1761","1014",0
"896","1762","1014",0
"897","1764","1014",0
"898","1771","1014",4
"899","1781","1014",0
"900","1791","1014",0
"901","1000","1015",180
"902","1001","1015",307
"903","1002","1015",115
"904","1003","1015",64
"905","1004","1015",31
"906","1005","1015",142
"907","1006","1015",102
"908","1007","1015",40
"909","1008","1015",34
"910","1009","1015",66
"911","1010","1015",322
"912","1011","1015",272
"913","1012","1015",114
"914","1013","1015",204
"915","1014","1015",133
"916","1015","1015",1523
"917","1016","1015",164
"918","1017","1015",139
"919","1018","1015",49
"920","1019","1015",83
"921","1020","1015",18
"922","1021","1015",29
"923","1022","1015",30
"924","1023","1015",34
"925","1024","1015",6
"926","1025","1015",2
"927","1026","1015",10
"928","1027","1015",1
"929","1028","1015",2
"930","1029","1015",1
"931","1030","1015",0
"932","1031","1015",2
"933","1032","1015",8
"934","1033","1015",11
"935","1034","1015",0
"936","1035","1015",5
"937","1036","1015",7
"938","1037","1015",3
"939","1038","1015",2
"940","1039","1015",3
"941","1040","1015",7
"942","1041","1015",10
"943","1042","1015",0
"944","1043","1015",9
"945","1044","1015",9
"946","1045","1015",54
"947","1046","1015",19
"948","1047","1015",26
"949","1048","1015",15
"950","1049","1015",155
"951","1050","1015",13
"952","1059","1015",1
"953","1061","1015",16
"954","1751","1015",0
"955","1761","1015",0
"956","1762","1015",4
"957","1764","1015",0
"958","1771","1015",0
"959","1781","1015",0
"960","1791","1015",0
"961","1000","1016",647
"962","1001","1016",619
"963","1002","1016",89
"964","1003","1016",241
"965","1004","1016",84
"966","1005","1016",130
"967","1006","1016",219
"968","1007","1016",52
"969","1008","1016",112
"970","1009","1016",275
"971","1010","1016",934
"972","1011","1016",206
"973","1012","1016",189
"974","1013","1016",246
"975","1014","1016",64
"976","1015","1016",182
"977","1016","1016",839
"978","1017","1016",211
"979","1018","1016",101
"980","1019","1016",186
"981","1020","1016",81
"982","1021","1016",48
"983","1022","1016",61
"984","1023","1016",31
"985","1024","1016",28
"986","1025","1016",22
"987","1026","1016",7
"988","1027","1016",3
"989","1028","1016",4
"990","1029","1016",4
"991","1030","1016",14
"992","1031","1016",64
"993","1032","1016",6
"994","1033","1016",25
"995","1034","1016",13
"996","1035","1016",13
"997","1036","1016",10
"998","1037","1016",28
"999","1038","1016",5
"1000","1039","1016",23
"1001","1040","1016",11
"1002","1041","1016",11
"1003","1042","1016",1
"1004","1043","1016",6
"1005","1044","1016",13
"1006","1045","1016",81
"1007","1046","1016",65
"1008","1047","1016",64
"1009","1048","1016",97
"1010","1049","1016",110
"1011","1050","1016",25
"1012","1059","1016",1
"1013","1061","1016",35
"1014","1751","1016",0
"1015","1761","1016",0
"1016","1762","1016",1
"1017","1764","1016",0
"1018","1771","1016",0
"1019","1781","1016",0
"1020","1791","1016",0
"1021","1000","1017",708
"1022","1001","1017",867
"1023","1002","1017",99
"1024","1003","1017",137
"1025","1004","1017",68
"1026","1005","1017",169
"1027","1006","1017",291
"1028","1007","1017",60
"1029","1008","1017",73
"1030","1009","1017",415
"1031","1010","1017",1566
"1032","1011","1017",438
"1033","1012","1017",307
"1034","1013","1017",520
"1035","1014","1017",108
"1036","1015","1017",142
"1037","1016","1017",176
"1038","1017","1017",2184
"1039","1018","1017",375
"1040","1019","1017",578
"1041","1020","1017",141
"1042","1021","1017",165
"1043","1022","1017",76
"1044","1023","1017",81
"1045","1024","1017",22
"1046","1025","1017",44
"1047","1026","1017",28
"1048","1027","1017",27
"1049","1028","1017",6
"1050","1029","1017",35
"1051","1030","1017",23
"1052","1031","1017",40
"1053","1032","1017",29
"1054","1033","1017",98
"1055","1034","1017",42
"1056","1035","1017",25
"1057","1036","1017",31
"1058","1037","1017",10
"1059","1038","1017",3
"1060","1039","1017",14
"1061","1040","1017",28
"1062","1041","1017",31
"1063","1042","1017",5
"1064","1043","1017",5
"1065","1044","1017",11
"1066","1045","1017",155
"1067","1046","1017",54
"1068","1047","1017",27
"1069","1048","1017",55
"1070","1049","1017",100
"1071","1050","1017",104
"1072","1059","1017",1
"1073","1061","1017",109
"1074","1751","1017",0
"1075","1761","1017",0
"1076","1762","1017",0
"1077","1764","1017",0
"1078","1771","1017",0
"1079","1781","1017",0
"1080","1791","1017",0
"1081","1000","1018",176
"1082","1001","1018",219
"1083","1002","1018",45
"1084","1003","1018",46
"1085","1004","1018",11
"1086","1005","1018",66
"1087","1006","1018",91
"1088","1007","1018",10
"1089","1008","1018",16
"1090","1009","1018",118
"1091","1010","1018",443
"1092","1011","1018",133
"1093","1012","1018",90
"1094","1013","1018",275
"1095","1014","1018",25
"1096","1015","1018",40
"1097","1016","1018",119
"1098","1017","1018",348
"1099","1018","1018",692
"1100","1019","1018",168
"1101","1020","1018",45
"1102","1021","1018",82
"1103","1022","1018",70
"1104","1023","1018",59
"1105","1024","1018",19
"1106","1025","1018",39
"1107","1026","1018",26
"1108","1027","1018",6
"1109","1028","1018",16
"1110","1029","1018",18
"1111","1030","1018",16
"1112","1031","1018",21
"1113","1032","1018",12
"1114","1033","1018",33
"1115","1034","1018",10
"1116","1035","1018",16
"1117","1036","1018",17
"1118","1037","1018",5
"1119","1038","1018",1
"1120","1039","1018",6
"1121","1040","1018",27
"1122","1041","1018",25
"1123","1042","1018",2
"1124","1043","1018",2
"1125","1044","1018",1
"1126","1045","1018",28
"1127","1046","1018",5
"1128","1047","1018",6
"1129","1048","1018",19
"1130","1049","1018",37
"1131","1050","1018",70
"1132","1059","1018",0
"1133","1061","1018",25
"1134","1751","1018",0
"1135","1761","1018",0
"1136","1762","1018",0
"1137","1764","1018",0
"1138","1771","1018",0
"1139","1781","1018",0
"1140","1791","1018",0
"1141","1000","1019",233
"1142","1001","1019",275
"1143","1002","1019",88
"1144","1003","1019",62
"1145","1004","1019",24
"1146","1005","1019",306
"1147","1006","1019",77
"1148","1007","1019",23
"1149","1008","1019",49
"1150","1009","1019",189
"1151","1010","1019",581
"1152","1011","1019",202
"1153","1012","1019",196
"1154","1013","1019",352
"1155","1014","1019",33
"1156","1015","1019",59
"1157","1016","1019",206
"1158","1017","1019",566
"1159","1018","1019",154
"1160","1019","1019",1356
"1161","1020","1019",310
"1162","1021","1019",211
"1163","1022","1019",210
"1164","1023","1019",151
"1165","1024","1019",60
"1166","1025","1019",225
"1167","1026","1019",105
"1168","1027","1019",10
"1169","1028","1019",24
"1170","1029","1019",30
"1171","1030","1019",27
"1172","1031","1019",34
"1173","1032","1019",27
"1174","1033","1019",96
"1175","1034","1019",35
"1176","1035","1019",46
"1177","1036","1019",36
"1178","1037","1019",51
"1179","1038","1019",3
"1180","1039","1019",5
"1181","1040","1019",24
"1182","1041","1019",27
"1183","1042","1019",41
"1184","1043","1019",10
"1185","1044","1019",8
"1186","1045","1019",33
"1187","1046","1019",15
"1188","1047","1019",28
"1189","1048","1019",32
"1190","1049","1019",47
"1191","1050","1019",78
"1192","1059","1019",2
"1193","1061","1019",69
"1194","1751","1019",0
"1195","1761","1019",0
"1196","1762","1019",0
"1197","1764","1019",0
"1198","1771","1019",0
"1199","1781","1019",0
"1200","1791","1019",0
"1201","1000","1020",26
"1202","1001","1020",17
"1203","1002","1020",18
"1204","1003","1020",4
"1205","1004","1020",2
"1206","1005","1020",6
"1207","1006","1020",2
"1208","1007","1020",2
"1209","1008","1020",1
"1210","1009","1020",27
"1211","1010","1020",46
"1212","1011","1020",17
"1213","1012","1020",12
"1214","1013","1020",16
"1215","1014","1020",5
"1216","1015","1020",2
"1217","1016","1020",13
"1218","1017","1020",42
"1219","1018","1020",24
"1220","1019","1020",28
"1221","1020","1020",259
"1222","1021","1020",37
"1223","1022","1020",68
"1224","1023","1020",206
"1225","1024","1020",102
"1226","1025","1020",106
"1227","1026","1020",122
"1228","1027","1020",35
"1229","1028","1020",84
"1230","1029","1020",33
"1231","1030","1020",19
"1232","1031","1020",55
"1233","1032","1020",54
"1234","1033","1020",87
"1235","1034","1020",27
"1236","1035","1020",91
"1237","1036","1020",22
"1238","1037","1020",16
"1239","1038","1020",2
"1240","1039","1020",11
"1241","1040","1020",36
"1242","1041","1020",35
"1243","1042","1020",2
"1244","1043","1020",6
"1245","1044","1020",4
"1246","1045","1020",2
"1247","1046","1020",0
"1248","1047","1020",1
"1249","1048","1020",2
"1250","1049","1020",4
"1251","1050","1020",10
"1252","1059","1020",0
"1253","1061","1020",7
"1254","1751","1020",0
"1255","1761","1020",0
"1256","1762","1020",0
"1257","1764","1020",0
"1258","1771","1020",0
"1259","1781","1020",0
"1260","1791","1020",0
"1261","1000","1021",43
"1262","1001","1021",31
"1263","1002","1021",2
"1264","1003","1021",12
"1265","1004","1021",1
"1266","1005","1021",24
"1267","1006","1021",4
"1268","1007","1021",0
"1269","1008","1021",0
"1270","1009","1021",23
"1271","1010","1021",37
"1272","1011","1021",16
"1273","1012","1021",9
"1274","1013","1021",12
"1275","1014","1021",3
"1276","1015","1021",20
"1277","1016","1021",39
"1278","1017","1021",70
"1279","1018","1021",16
"1280","1019","1021",24
"1281","1020","1021",66
"1282","1021","1021",258
"1283","1022","1021",111
"1284","1023","1021",136
"1285","1024","1021",42
"1286","1025","1021",76
"1287","1026","1021",205
"1288","1027","1021",14
"1289","1028","1021",67
"1290","1029","1021",33
"1291","1030","1021",70
"1292","1031","1021",28
"1293","1032","1021",24
"1294","1033","1021",88
"1295","1034","1021",64
"1296","1035","1021",44
"1297","1036","1021",53
"1298","1037","1021",50
"1299","1038","1021",6
"1300","1039","1021",20
"1301","1040","1021",42
"1302","1041","1021",63
"1303","1042","1021",2
"1304","1043","1021",16
"1305","1044","1021",4
"1306","1045","1021",12
"1307","1046","1021",2
"1308","1047","1021",2
"1309","1048","1021",10
"1310","1049","1021",3
"1311","1050","1021",12
"1312","1059","1021",0
"1313","1061","1021",2
"1314","1751","1021",0
"1315","1761","1021",0
"1316","1762","1021",0
"1317","1764","1021",0
"1318","1771","1021",0
"1319","1781","1021",0
"1320","1791","1021",0
"1321","1000","1022",8
"1322","1001","1022",15
"1323","1002","1022",1
"1324","1003","1022",5
"1325","1004","1022",0
"1326","1005","1022",3
"1327","1006","1022",3
"1328","1007","1022",0
"1329","1008","1022",1
"1330","1009","1022",11
"1331","1010","1022",19
"1332","1011","1022",5
"1333","1012","1022",8
"1334","1013","1022",6
"1335","1014","1022",3
"1336","1015","1022",17
"1337","1016","1022",10
"1338","1017","1022",25
"1339","1018","1022",9
"1340","1019","1022",35
"1341","1020","1022",59
"1342","1021","1022",83
"1343","1022","1022",303
"1344","1023","1022",94
"1345","1024","1022",45
"1346","1025","1022",65
"1347","1026","1022",105
"1348","1027","1022",21
"1349","1028","1022",53
"1350","1029","1022",36
"1351","1030","1022",78
"1352","1031","1022",37
"1353","1032","1022",22
"1354","1033","1022",109
"1355","1034","1022",44
"1356","1035","1022",48
"1357","1036","1022",78
"1358","1037","1022",96
"1359","1038","1022",13
"1360","1039","1022",15
"1361","1040","1022",88
"1362","1041","1022",59
"1363","1042","1022",18
"1364","1043","1022",17
"1365","1044","1022",11
"1366","1045","1022",15
"1367","1046","1022",7
"1368","1047","1022",5
"1369","1048","1022",3
"1370","1049","1022",2
"1371","1050","1022",2
"1372","1059","1022",0
"1373","1061","1022",3
"1374","1751","1022",0
"1375","1761","1022",0
"1376","1762","1022",0
"1377","1764","1022",0
"1378","1771","1022",0
"1379","1781","1022",1
"1380","1791","1022",0
"1381","1000","1023",4
"1382","1001","1023",13
"1383","1002","1023",0
"1384","1003","1023",5
"1385","1004","1023",27
"1386","1005","1023",3
"1387","1006","1023",6
"1388","1007","1023",3
"1389","1008","1023",0
"1390","1009","1023",4
"1391","1010","1023",17
"1392","1011","1023",2
"1393","1012","1023",4
"1394","1013","1023",7
"1395","1014","1023",2
"1396","1015","1023",3
"1397","1016","1023",11
"1398","1017","1023",25
"1399","1018","1023",14
"1400","1019","1023",62
"1401","1020","1023",239
"1402","1021","1023",99
"1403","1022","1023",90
"1404","1023","1023",431
"1405","1024","1023",44
"1406","1025","1023",33
"1407","1026","1023",81
"1408","1027","1023",33
"1409","1028","1023",65
"1410","1029","1023",98
"1411","1030","1023",99
"1412","1031","1023",70
"1413","1032","1023",63
"1414","1033","1023",125
"1415","1034","1023",100
"1416","1035","1023",269
"1417","1036","1023",67
"1418","1037","1023",57
"1419","1038","1023",13
"1420","1039","1023",34
"1421","1040","1023",199
"1422","1041","1023",202
"1423","1042","1023",4
"1424","1043","1023",31
"1425","1044","1023",13
"1426","1045","1023",15
"1427","1046","1023",2
"1428","1047","1023",4
"1429","1048","1023",3
"1430","1049","1023",3
"1431","1050","1023",1
"1432","1059","1023",0
"1433","1061","1023",8
"1434","1751","1023",0
"1435","1761","1023",0
"1436","1762","1023",0
"1437","1764","1023",0
"1438","1771","1023",0
"1439","1781","1023",0
"1440","1791","1023",0
"1441","1000","1024",2
"1442","1001","1024",9
"1443","1002","1024",1
"1444","1003","1024",5
"1445","1004","1024",2
"1446","1005","1024",1
"1447","1006","1024",3
"1448","1007","1024",26
"1449","1008","1024",0
"1450","1009","1024",2
"1451","1010","1024",5
"1452","1011","1024",5
"1453","1012","1024",3
"1454","1013","1024",5
"1455","1014","1024",2
"1456","1015","1024",1
"1457","1016","1024",21
"1458","1017","1024",8
"1459","1018","1024",5
"1460","1019","1024",30
"1461","1020","1024",60
"1462","1021","1024",39
"1463","1022","1024",83
"1464","1023","1024",32
"1465","1024","1024",356
"1466","1025","1024",46
"1467","1026","1024",106
"1468","1027","1024",40
"1469","1028","1024",30
"1470","1029","1024",83
"1471","1030","1024",78
"1472","1031","1024",10
"1473","1032","1024",41
"1474","1033","1024",168
"1475","1034","1024",121
"1476","1035","1024",89
"1477","1036","1024",64
"1478","1037","1024",49
"1479","1038","1024",6
"1480","1039","1024",72
"1481","1040","1024",95
"1482","1041","1024",126
"1483","1042","1024",2
"1484","1043","1024",60
"1485","1044","1024",11
"1486","1045","1024",8
"1487","1046","1024",2
"1488","1047","1024",0
"1489","1048","1024",4
"1490","1049","1024",1
"1491","1050","1024",6
"1492","1059","1024",0
"1493","1061","1024",1
"1494","1751","1024",0
"1495","1761","1024",0
"1496","1762","1024",0
"1497","1764","1024",0
"1498","1771","1024",0
"1499","1781","1024",0
"1500","1791","1024",0
"1501","1000","1025",10
"1502","1001","1025",36
"1503","1002","1025",2
"1504","1003","1025",5
"1505","1004","1025",1
"1506","1005","1025",2
"1507","1006","1025",2
"1508","1007","1025",2
"1509","1008","1025",0
"1510","1009","1025",6
"1511","1010","1025",19
"1512","1011","1025",4
"1513","1012","1025",6
"1514","1013","1025",12
"1515","1014","1025",1
"1516","1015","1025",3
"1517","1016","1025",13
"1518","1017","1025",13
"1519","1018","1025",8
"1520","1019","1025",73
"1521","1020","1025",124
"1522","1021","1025",68
"1523","1022","1025",58
"1524","1023","1025",29
"1525","1024","1025",47
"1526","1025","1025",284
"1527","1026","1025",65
"1528","1027","1025",42
"1529","1028","1025",31
"1530","1029","1025",30
"1531","1030","1025",29
"1532","1031","1025",5
"1533","1032","1025",8
"1534","1033","1025",76
"1535","1034","1025",8
"1536","1035","1025",20
"1537","1036","1025",19
"1538","1037","1025",3
"1539","1038","1025",1
"1540","1039","1025",0
"1541","1040","1025",25
"1542","1041","1025",61
"1543","1042","1025",0
"1544","1043","1025",7
"1545","1044","1025",2
"1546","1045","1025",2
"1547","1046","1025",2
"1548","1047","1025",2
"1549","1048","1025",3
"1550","1049","1025",2
"1551","1050","1025",4
"1552","1059","1025",0
"1553","1061","1025",7
"1554","1751","1025",0
"1555","1761","1025",0
"1556","1762","1025",0
"1557","1764","1025",0
"1558","1771","1025",0
"1559","1781","1025",0
"1560","1791","1025",0
"1561","1000","1026",167
"1562","1001","1026",18
"1563","1002","1026",0
"1564","1003","1026",3
"1565","1004","1026",1
"1566","1005","1026",1
"1567","1006","1026",1
"1568","1007","1026",3
"1569","1008","1026",0
"1570","1009","1026",5
"1571","1010","1026",14
"1572","1011","1026",6
"1573","1012","1026",8
"1574","1013","1026",9
"1575","1014","1026",2
"1576","1015","1026",1
"1577","1016","1026",13
"1578","1017","1026",15
"1579","1018","1026",13
"1580","1019","1026",27
"1581","1020","1026",206
"1582","1021","1026",279
"1583","1022","1026",106
"1584","1023","1026",121
"1585","1024","1026",110
"1586","1025","1026",264
"1587","1026","1026",315
"1588","1027","1026",11
"1589","1028","1026",60
"1590","1029","1026",45
"1591","1030","1026",33
"1592","1031","1026",26
"1593","1032","1026",59
"1594","1033","1026",134
"1595","1034","1026",91
"1596","1035","1026",59
"1597","1036","1026",40
"1598","1037","1026",75
"1599","1038","1026",3
"1600","1039","1026",0
"1601","1040","1026",55
"1602","1041","1026",33
"1603","1042","1026",1
"1604","1043","1026",11
"1605","1044","1026",18
"1606","1045","1026",5
"1607","1046","1026",4
"1608","1047","1026",1
"1609","1048","1026",1
"1610","1049","1026",1
"1611","1050","1026",6
"1612","1059","1026",0
"1613","1061","1026",11
"1614","1751","1026",0
"1615","1761","1026",0
"1616","1762","1026",0
"1617","1764","1026",0
"1618","1771","1026",0
"1619","1781","1026",0
"1620","1791","1026",0
"1621","1000","1027",1
"1622","1001","1027",2
"1623","1002","1027",0
"1624","1003","1027",0
"1625","1004","1027",1
"1626","1005","1027",1
"1627","1006","1027",0
"1628","1007","1027",3
"1629","1008","1027",0
"1630","1009","1027",0
"1631","1010","1027",1
"1632","1011","1027",3
"1633","1012","1027",3
"1634","1013","1027",0
"1635","1014","1027",0
"1636","1015","1027",0
"1637","1016","1027",3
"1638","1017","1027",10
"1639","1018","1027",2
"1640","1019","1027",8
"1641","1020","1027",33
"1642","1021","1027",15
"1643","1022","1027",18
"1644","1023","1027",25
"1645","1024","1027",32
"1646","1025","1027",23
"1647","1026","1027",17
"1648","1027","1027",255
"1649","1028","1027",133
"1650","1029","1027",80
"1651","1030","1027",20
"1652","1031","1027",41
"1653","1032","1027",96
"1654","1033","1027",183
"1655","1034","1027",170
"1656","1035","1027",86
"1657","1036","1027",34
"1658","1037","1027",51
"1659","1038","1027",24
"1660","1039","1027",13
"1661","1040","1027",66
"1662","1041","1027",45
"1663","1042","1027",1
"1664","1043","1027",14
"1665","1044","1027",4
"1666","1045","1027",3
"1667","1046","1027",3
"1668","1047","1027",0
"1669","1048","1027",1
"1670","1049","1027",3
"1671","1050","1027",1
"1672","1059","1027",0
"1673","1061","1027",2
"1674","1751","1027",0
"1675","1761","1027",0
"1676","1762","1027",0
"1677","1764","1027",0
"1678","1771","1027",0
"1679","1781","1027",2
"1680","1791","1027",0
"1681","1000","1028",4
"1682","1001","1028",10
"1683","1002","1028",2
"1684","1003","1028",4
"1685","1004","1028",4
"1686","1005","1028",3
"1687","1006","1028",1
"1688","1007","1028",2
"1689","1008","1028",4
"1690","1009","1028",0
"1691","1010","1028",5
"1692","1011","1028",1
"1693","1012","1028",2
"1694","1013","1028",0
"1695","1014","1028",2
"1696","1015","1028",2
"1697","1016","1028",3
"1698","1017","1028",12
"1699","1018","1028",2
"1700","1019","1028",12
"1701","1020","1028",126
"1702","1021","1028",50
"1703","1022","1028",72
"1704","1023","1028",72
"1705","1024","1028",37
"1706","1025","1028",56
"1707","1026","1028",60
"1708","1027","1028",197
"1709","1028","1028",627
"1710","1029","1028",721
"1711","1030","1028",38
"1712","1031","1028",43
"1713","1032","1028",315
"1714","1033","1028",240
"1715","1034","1028",124
"1716","1035","1028",78
"1717","1036","1028",45
"1718","1037","1028",33
"1719","1038","1028",18
"1720","1039","1028",15
"1721","1040","1028",89
"1722","1041","1028",154
"1723","1042","1028",0
"1724","1043","1028",26
"1725","1044","1028",3
"1726","1045","1028",6
"1727","1046","1028",1
"1728","1047","1028",0
"1729","1048","1028",2
"1730","1049","1028",3
"1731","1050","1028",6
"1732","1059","1028",0
"1733","1061","1028",0
"1734","1751","1028",0
"1735","1761","1028",0
"1736","1762","1028",0
"1737","1764","1028",0
"1738","1771","1028",0
"1739","1781","1028",0
"1740","1791","1028",0
"1741","1000","1029",2
"1742","1001","1029",5
"1743","1002","1029",0
"1744","1003","1029",2
"1745","1004","1029",1
"1746","1005","1029",3
"1747","1006","1029",0
"1748","1007","1029",0
"1749","1008","1029",1
"1750","1009","1029",3
"1751","1010","1029",0
"1752","1011","1029",6
"1753","1012","1029",8
"1754","1013","1029",1
"1755","1014","1029",3
"1756","1015","1029",0
"1757","1016","1029",4
"1758","1017","1029",8
"1759","1018","1029",7
"1760","1019","1029",10
"1761","1020","1029",30
"1762","1021","1029",28
"1763","1022","1029",34
"1764","1023","1029",74
"1765","1024","1029",79
"1766","1025","1029",47
"1767","1026","1029",41
"1768","1027","1029",120
"1769","1028","1029",493
"1770","1029","1029",496
"1771","1030","1029",16
"1772","1031","1029",86
"1773","1032","1029",137
"1774","1033","1029",509
"1775","1034","1029",181
"1776","1035","1029",84
"1777","1036","1029",70
"1778","1037","1029",42
"1779","1038","1029",8
"1780","1039","1029",15
"1781","1040","1029",124
"1782","1041","1029",210
"1783","1042","1029",0
"1784","1043","1029",11
"1785","1044","1029",2
"1786","1045","1029",18
"1787","1046","1029",1
"1788","1047","1029",3
"1789","1048","1029",7
"1790","1049","1029",5
"1791","1050","1029",0
"1792","1059","1029",0
"1793","1061","1029",1
"1794","1751","1029",0
"1795","1761","1029",0
"1796","1762","1029",0
"1797","1764","1029",0
"1798","1771","1029",0
"1799","1781","1029",0
"1800","1791","1029",0
"1801","1000","1030",10
"1802","1001","1030",3
"1803","1002","1030",1
"1804","1003","1030",0
"1805","1004","1030",0
"1806","1005","1030",0
"1807","1006","1030",2
"1808","1007","1030",0
"1809","1008","1030",0
"1810","1009","1030",1
"1811","1010","1030",6
"1812","1011","1030",4
"1813","1012","1030",4
"1814","1013","1030",0
"1815","1014","1030",0
"1816","1015","1030",0
"1817","1016","1030",4
"1818","1017","1030",16
"1819","1018","1030",8
"1820","1019","1030",22
"1821","1020","1030",45
"1822","1021","1030",71
"1823","1022","1030",68
"1824","1023","1030",69
"1825","1024","1030",52
"1826","1025","1030",88
"1827","1026","1030",38
"1828","1027","1030",49
"1829","1028","1030",43
"1830","1029","1030",25
"1831","1030","1030",179
"1832","1031","1030",11
"1833","1032","1030",65
"1834","1033","1030",64
"1835","1034","1030",57
"1836","1035","1030",21
"1837","1036","1030",20
"1838","1037","1030",26
"1839","1038","1030",6
"1840","1039","1030",2
"1841","1040","1030",34
"1842","1041","1030",20
"1843","1042","1030",1
"1844","1043","1030",5
"1845","1044","1030",1
"1846","1045","1030",5
"1847","1046","1030",2
"1848","1047","1030",0
"1849","1048","1030",0
"1850","1049","1030",1
"1851","1050","1030",1
"1852","1059","1030",0
"1853","1061","1030",1
"1854","1751","1030",0
"1855","1761","1030",0
"1856","1762","1030",0
"1857","1764","1030",0
"1858","1771","1030",0
"1859","1781","1030",0
"1860","1791","1030",0
"1861","1000","1031",2
"1862","1001","1031",2
"1863","1002","1031",0
"1864","1003","1031",1
"1865","1004","1031",6
"1866","1005","1031",0
"1867","1006","1031",1
"1868","1007","1031",1
"1869","1008","1031",0
"1870","1009","1031",0
"1871","1010","1031",8
"1872","1011","1031",2
"1873","1012","1031",2
"1874","1013","1031",3
"1875","1014","1031",0
"1876","1015","1031",2
"1877","1016","1031",53
"1878","1017","1031",4
"1879","1018","1031",5
"1880","1019","1031",10
"1881","1020","1031",63
"1882","1021","1031",27
"1883","1022","1031",57
"1884","1023","1031",37
"1885","1024","1031",15
"1886","1025","1031",17
"1887","1026","1031",26
"1888","1027","1031",55
"1889","1028","1031",50
"1890","1029","1031",94
"1891","1030","1031",10
"1892","1031","1031",445
"1893","1032","1031",289
"1894","1033","1031",231
"1895","1034","1031",154
"1896","1035","1031",109
"1897","1036","1031",83
"1898","1037","1031",33
"1899","1038","1031",26
"1900","1039","1031",31
"1901","1040","1031",84
"1902","1041","1031",88
"1903","1042","1031",3
"1904","1043","1031",29
"1905","1044","1031",5
"1906","1045","1031",13
"1907","1046","1031",1
"1908","1047","1031",5
"1909","1048","1031",4
"1910","1049","1031",3
"1911","1050","1031",1
"1912","1059","1031",0
"1913","1061","1031",1
"1914","1751","1031",0
"1915","1761","1031",0
"1916","1762","1031",0
"1917","1764","1031",0
"1918","1771","1031",0
"1919","1781","1031",0
"1920","1791","1031",0
"1921","1000","1032",7
"1922","1001","1032",5
"1923","1002","1032",12
"1924","1003","1032",5
"1925","1004","1032",179
"1926","1005","1032",6
"1927","1006","1032",1
"1928","1007","1032",0
"1929","1008","1032",0
"1930","1009","1032",1
"1931","1010","1032",1
"1932","1011","1032",8
"1933","1012","1032",3
"1934","1013","1032",3
"1935","1014","1032",2
"1936","1015","1032",0
"1937","1016","1032",4
"1938","1017","1032",10
"1939","1018","1032",1
"1940","1019","1032",9
"1941","1020","1032",59
"1942","1021","1032",23
"1943","1022","1032",31
"1944","1023","1032",48
"1945","1024","1032",47
"1946","1025","1032",9
"1947","1026","1032",40
"1948","1027","1032",96
"1949","1028","1032",258
"1950","1029","1032",114
"1951","1030","1032",42
"1952","1031","1032",147
"1953","1032","1032",678
"1954","1033","1032",186
"1955","1034","1032",100
"1956","1035","1032",232
"1957","1036","1032",101
"1958","1037","1032",125
"1959","1038","1032",4
"1960","1039","1032",10
"1961","1040","1032",98
"1962","1041","1032",72
"1963","1042","1032",0
"1964","1043","1032",14
"1965","1044","1032",2
"1966","1045","1032",10
"1967","1046","1032",5
"1968","1047","1032",9
"1969","1048","1032",0
"1970","1049","1032",1
"1971","1050","1032",4
"1972","1059","1032",0
"1973","1061","1032",2
"1974","1751","1032",0
"1975","1761","1032",0
"1976","1762","1032",0
"1977","1764","1032",0
"1978","1771","1032",0
"1979","1781","1032",0
"1980","1791","1032",0
"1981","1000","1033",22
"1982","1001","1033",10
"1983","1002","1033",11
"1984","1003","1033",6
"1985","1004","1033",30
"1986","1005","1033",5
"1987","1006","1033",10
"1988","1007","1033",14
"1989","1008","1033",4
"1990","1009","1033",6
"1991","1010","1033",9
"1992","1011","1033",7
"1993","1012","1033",12
"1994","1013","1033",10
"1995","1014","1033",4
"1996","1015","1033",1
"1997","1016","1033",6
"1998","1017","1033",24
"1999","1018","1033",11
"2000","1019","1033",21
"2001","1020","1033",149
"2002","1021","1033",122
"2003","1022","1033",190
"2004","1023","1033",126
"2005","1024","1033",136
"2006","1025","1033",82
"2007","1026","1033",105
"2008","1027","1033",183
"2009","1028","1033",254
"2010","1029","1033",327
"2011","1030","1033",46
"2012","1031","1033",82
"2013","1032","1033",216
"2014","1033","1033",705
"2015","1034","1033",467
"2016","1035","1033",284
"2017","1036","1033",178
"2018","1037","1033",122
"2019","1038","1033",19
"2020","1039","1033",81
"2021","1040","1033",215
"2022","1041","1033",286
"2023","1042","1033",0
"2024","1043","1033",52
"2025","1044","1033",29
"2026","1045","1033",33
"2027","1046","1033",8
"2028","1047","1033",9
"2029","1048","1033",9
"2030","1049","1033",8
"2031","1050","1033",3
"2032","1059","1033",0
"2033","1061","1033",2
"2034","1751","1033",0
"2035","1761","1033",0
"2036","1762","1033",0
"2037","1764","1033",0
"2038","1771","1033",0
"2039","1781","1033",0
"2040","1791","1033",0
"2041","1000","1034",5
"2042","1001","1034",8
"2043","1002","1034",2
"2044","1003","1034",4
"2045","1004","1034",17
"2046","1005","1034",5
"2047","1006","1034",1
"2048","1007","1034",3
"2049","1008","1034",1
"2050","1009","1034",2
"2051","1010","1034",12
"2052","1011","1034",0
"2053","1012","1034",2
"2054","1013","1034",5
"2055","1014","1034",1
"2056","1015","1034",1
"2057","1016","1034",6
"2058","1017","1034",7
"2059","1018","1034",4
"2060","1019","1034",5
"2061","1020","1034",48
"2062","1021","1034",65
"2063","1022","1034",72
"2064","1023","1034",87
"2065","1024","1034",88
"2066","1025","1034",42
"2067","1026","1034",73
"2068","1027","1034",124
"2069","1028","1034",109
"2070","1029","1034",194
"2071","1030","1034",59
"2072","1031","1034",139
"2073","1032","1034",118
"2074","1033","1034",319
"2075","1034","1034",546
"2076","1035","1034",76
"2077","1036","1034",90
"2078","1037","1034",452
"2079","1038","1034",59
"2080","1039","1034",45
"2081","1040","1034",139
"2082","1041","1034",177
"2083","1042","1034",1
"2084","1043","1034",54
"2085","1044","1034",8
"2086","1045","1034",41
"2087","1046","1034",6
"2088","1047","1034",9
"2089","1048","1034",8
"2090","1049","1034",5
"2091","1050","1034",1
"2092","1059","1034",0
"2093","1061","1034",0
"2094","1751","1034",0
"2095","1761","1034",0
"2096","1762","1034",0
"2097","1764","1034",0
"2098","1771","1034",0
"2099","1781","1034",0
"2100","1791","1034",0
"2101","1000","1035",21
"2102","1001","1035",20
"2103","1002","1035",0
"2104","1003","1035",9
"2105","1004","1035",10
"2106","1005","1035",9
"2107","1006","1035",4
"2108","1007","1035",7
"2109","1008","1035",0
"2110","1009","1035",7
"2111","1010","1035",8
"2112","1011","1035",3
"2113","1012","1035",6
"2114","1013","1035",5
"2115","1014","1035",0
"2116","1015","1035",3
"2117","1016","1035",7
"2118","1017","1035",14
"2119","1018","1035",6
"2120","1019","1035",14
"2121","1020","1035",73
"2122","1021","1035",54
"2123","1022","1035",65
"2124","1023","1035",130
"2125","1024","1035",42
"2126","1025","1035",27
"2127","1026","1035",45
"2128","1027","1035",91
"2129","1028","1035",33
"2130","1029","1035",62
"2131","1030","1035",35
"2132","1031","1035",101
"2133","1032","1035",155
"2134","1033","1035",275
"2135","1034","1035",55
"2136","1035","1035",532
"2137","1036","1035",128
"2138","1037","1035",325
"2139","1038","1035",109
"2140","1039","1035",102
"2141","1040","1035",53
"2142","1041","1035",184
"2143","1042","1035",0
"2144","1043","1035",78
"2145","1044","1035",36
"2146","1045","1035",27
"2147","1046","1035",6
"2148","1047","1035",6
"2149","1048","1035",9
"2150","1049","1035",13
"2151","1050","1035",1
"2152","1059","1035",0
"2153","1061","1035",2
"2154","1751","1035",0
"2155","1761","1035",0
"2156","1762","1035",0
"2157","1764","1035",0
"2158","1771","1035",0
"2159","1781","1035",0
"2160","1791","1035",0
"2161","1000","1036",20
"2162","1001","1036",40
"2163","1002","1036",18
"2164","1003","1036",14
"2165","1004","1036",57
"2166","1005","1036",12
"2167","1006","1036",32
"2168","1007","1036",30
"2169","1008","1036",3
"2170","1009","1036",4
"2171","1010","1036",14
"2172","1011","1036",8
"2173","1012","1036",8
"2174","1013","1036",18
"2175","1014","1036",2
"2176","1015","1036",6
"2177","1016","1036",7
"2178","1017","1036",19
"2179","1018","1036",8
"2180","1019","1036",12
"2181","1020","1036",49
"2182","1021","1036",72
"2183","1022","1036",112
"2184","1023","1036",54
"2185","1024","1036",31
"2186","1025","1036",29
"2187","1026","1036",48
"2188","1027","1036",26
"2189","1028","1036",76
"2190","1029","1036",51
"2191","1030","1036",19
"2192","1031","1036",65
"2193","1032","1036",144
"2194","1033","1036",142
"2195","1034","1036",107
"2196","1035","1036",151
"2197","1036","1036",2030
"2198","1037","1036",281
"2199","1038","1036",683
"2200","1039","1036",162
"2201","1040","1036",94
"2202","1041","1036",202
"2203","1042","1036",1
"2204","1043","1036",98
"2205","1044","1036",103
"2206","1045","1036",87
"2207","1046","1036",17
"2208","1047","1036",35
"2209","1048","1036",10
"2210","1049","1036",14
"2211","1050","1036",2
"2212","1059","1036",0
"2213","1061","1036",1
"2214","1751","1036",0
"2215","1761","1036",0
"2216","1762","1036",0
"2217","1764","1036",0
"2218","1771","1036",0
"2219","1781","1036",0
"2220","1791","1036",0
"2221","1000","1037",12
"2222","1001","1037",4
"2223","1002","1037",7
"2224","1003","1037",8
"2225","1004","1037",13
"2226","1005","1037",4
"2227","1006","1037",11
"2228","1007","1037",11
"2229","1008","1037",6
"2230","1009","1037",6
"2231","1010","1037",9
"2232","1011","1037",3
"2233","1012","1037",2
"2234","1013","1037",8
"2235","1014","1037",3
"2236","1015","1037",1
"2237","1016","1037",5
"2238","1017","1037",15
"2239","1018","1037",0
"2240","1019","1037",8
"2241","1020","1037",26
"2242","1021","1037",127
"2243","1022","1037",115
"2244","1023","1037",70
"2245","1024","1037",66
"2246","1025","1037",18
"2247","1026","1037",51
"2248","1027","1037",76
"2249","1028","1037",32
"2250","1029","1037",47
"2251","1030","1037",22
"2252","1031","1037",36
"2253","1032","1037",244
"2254","1033","1037",166
"2255","1034","1037",477
"2256","1035","1037",373
"2257","1036","1037",259
"2258","1037","1037",1039
"2259","1038","1037",929
"2260","1039","1037",48
"2261","1040","1037",93
"2262","1041","1037",121
"2263","1042","1037",0
"2264","1043","1037",62
"2265","1044","1037",35
"2266","1045","1037",23
"2267","1046","1037",6
"2268","1047","1037",3
"2269","1048","1037",7
"2270","1049","1037",7
"2271","1050","1037",0
"2272","1059","1037",0
"2273","1061","1037",0
"2274","1751","1037",0
"2275","1761","1037",0
"2276","1762","1037",0
"2277","1764","1037",0
"2278","1771","1037",0
"2279","1781","1037",0
"2280","1791","1037",0
"2281","1000","1038",23
"2282","1001","1038",6
"2283","1002","1038",7
"2284","1003","1038",5
"2285","1004","1038",124
"2286","1005","1038",4
"2287","1006","1038",38
"2288","1007","1038",9
"2289","1008","1038",0
"2290","1009","1038",1
"2291","1010","1038",10
"2292","1011","1038",2
"2293","1012","1038",6
"2294","1013","1038",7
"2295","1014","1038",1
"2296","1015","1038",2
"2297","1016","1038",4
"2298","1017","1038",3
"2299","1018","1038",3
"2300","1019","1038",0
"2301","1020","1038",4
"2302","1021","1038",5
"2303","1022","1038",22
"2304","1023","1038",9
"2305","1024","1038",5
"2306","1025","1038",0
"2307","1026","1038",2
"2308","1027","1038",15
"2309","1028","1038",35
"2310","1029","1038",9
"2311","1030","1038",4
"2312","1031","1038",26
"2313","1032","1038",4
"2314","1033","1038",27
"2315","1034","1038",47
"2316","1035","1038",101
"2317","1036","1038",617
"2318","1037","1038",897
"2319","1038","1038",529
"2320","1039","1038",212
"2321","1040","1038",264
"2322","1041","1038",1185
"2323","1042","1038",0
"2324","1043","1038",162
"2325","1044","1038",22
"2326","1045","1038",44
"2327","1046","1038",17
"2328","1047","1038",5
"2329","1048","1038",6
"2330","1049","1038",8
"2331","1050","1038",2
"2332","1059","1038",0
"2333","1061","1038",0
"2334","1751","1038",0
"2335","1761","1038",0
"2336","1762","1038",0
"2337","1764","1038",0
"2338","1771","1038",0
"2339","1781","1038",0
"2340","1791","1038",0
"2341","1000","1039",30
"2342","1001","1039",25
"2343","1002","1039",1
"2344","1003","1039",2
"2345","1004","1039",39
"2346","1005","1039",6
"2347","1006","1039",4
"2348","1007","1039",72
"2349","1008","1039",0
"2350","1009","1039",9
"2351","1010","1039",2
"2352","1011","1039",3
"2353","1012","1039",11
"2354","1013","1039",4
"2355","1014","1039",0
"2356","1015","1039",4
"2357","1016","1039",9
"2358","1017","1039",4
"2359","1018","1039",1
"2360","1019","1039",4
"2361","1020","1039",16
"2362","1021","1039",12
"2363","1022","1039",15
"2364","1023","1039",16
"2365","1024","1039",24
"2366","1025","1039",3
"2367","1026","1039",10
"2368","1027","1039",6
"2369","1028","1039",6
"2370","1029","1039",11
"2371","1030","1039",7
"2372","1031","1039",22
"2373","1032","1039",7
"2374","1033","1039",87
"2375","1034","1039",65
"2376","1035","1039",97
"2377","1036","1039",197
"2378","1037","1039",89
"2379","1038","1039",121
"2380","1039","1039",637
"2381","1040","1039",168
"2382","1041","1039",506
"2383","1042","1039",1
"2384","1043","1039",31
"2385","1044","1039",24
"2386","1045","1039",56
"2387","1046","1039",15
"2388","1047","1039",10
"2389","1048","1039",13
"2390","1049","1039",3
"2391","1050","1039",11
"2392","1059","1039",0
"2393","1061","1039",0
"2394","1751","1039",0
"2395","1761","1039",0
"2396","1762","1039",0
"2397","1764","1039",0
"2398","1771","1039",3
"2399","1781","1039",0
"2400","1791","1039",0
"2401","1000","1040",19
"2402","1001","1040",14
"2403","1002","1040",1
"2404","1003","1040",3
"2405","1004","1040",12
"2406","1005","1040",11
"2407","1006","1040",35
"2408","1007","1040",19
"2409","1008","1040",1
"2410","1009","1040",0
"2411","1010","1040",5
"2412","1011","1040",2
"2413","1012","1040",3
"2414","1013","1040",2
"2415","1014","1040",1
"2416","1015","1040",1
"2417","1016","1040",3
"2418","1017","1040",7
"2419","1018","1040",3
"2420","1019","1040",6
"2421","1020","1040",32
"2422","1021","1040",36
"2423","1022","1040",91
"2424","1023","1040",124
"2425","1024","1040",79
"2426","1025","1040",47
"2427","1026","1040",26
"2428","1027","1040",40
"2429","1028","1040",34
"2430","1029","1040",120
"2431","1030","1040",10
"2432","1031","1040",65
"2433","1032","1040",54
"2434","1033","1040",112
"2435","1034","1040",114
"2436","1035","1040",32
"2437","1036","1040",72
"2438","1037","1040",63
"2439","1038","1040",302
"2440","1039","1040",154
"2441","1040","1040",348
"2442","1041","1040",97
"2443","1042","1040",7
"2444","1043","1040",86
"2445","1044","1040",67
"2446","1045","1040",13
"2447","1046","1040",6
"2448","1047","1040",12
"2449","1048","1040",3
"2450","1049","1040",3
"2451","1050","1040",8
"2452","1059","1040",0
"2453","1061","1040",0
"2454","1751","1040",1
"2455","1761","1040",0
"2456","1762","1040",0
"2457","1764","1040",0
"2458","1771","1040",0
"2459","1781","1040",0
"2460","1791","1040",0
"2461","1000","1041",22
"2462","1001","1041",15
"2463","1002","1041",4
"2464","1003","1041",16
"2465","1004","1041",15
"2466","1005","1041",9
"2467","1006","1041",9
"2468","1007","1041",35
"2469","1008","1041",10
"2470","1009","1041",4
"2471","1010","1041",14
"2472","1011","1041",4
"2473","1012","1041",3
"2474","1013","1041",5
"2475","1014","1041",9
"2476","1015","1041",7
"2477","1016","1041",9
"2478","1017","1041",12
"2479","1018","1041",27
"2480","1019","1041",16
"2481","1020","1041",55
"2482","1021","1041",48
"2483","1022","1041",71
"2484","1023","1041",243
"2485","1024","1041",35
"2486","1025","1041",73
"2487","1026","1041",24
"2488","1027","1041",32
"2489","1028","1041",211
"2490","1029","1041",201
"2491","1030","1041",17
"2492","1031","1041",105
"2493","1032","1041",92
"2494","1033","1041",313
"2495","1034","1041",179
"2496","1035","1041",244
"2497","1036","1041",160
"2498","1037","1041",166
"2499","1038","1041",1314
"2500","1039","1041",578
"2501","1040","1041",132
"2502","1041","1041",701
"2503","1042","1041",13
"2504","1043","1041",64
"2505","1044","1041",290
"2506","1045","1041",40
"2507","1046","1041",15
"2508","1047","1041",51
"2509","1048","1041",15
"2510","1049","1041",16
"2511","1050","1041",2
"2512","1059","1041",0
"2513","1061","1041",0
"2514","1751","1041",0
"2515","1761","1041",0
"2516","1762","1041",0
"2517","1764","1041",0
"2518","1771","1041",0
"2519","1781","1041",0
"2520","1791","1041",0
"2521","1000","1042",12
"2522","1001","1042",3
"2523","1002","1042",3
"2524","1003","1042",1
"2525","1004","1042",1
"2526","1005","1042",3
"2527","1006","1042",8
"2528","1007","1042",3
"2529","1008","1042",8
"2530","1009","1042",0
"2531","1010","1042",1
"2532","1011","1042",0
"2533","1012","1042",1
"2534","1013","1042",3
"2535","1014","1042",1
"2536","1015","1042",0
"2537","1016","1042",1
"2538","1017","1042",1
"2539","1018","1042",0
"2540","1019","1042",1
"2541","1020","1042",2
"2542","1021","1042",0
"2543","1022","1042",0
"2544","1023","1042",2
"2545","1024","1042",2
"2546","1025","1042",0
"2547","1026","1042",0
"2548","1027","1042",0
"2549","1028","1042",0
"2550","1029","1042",0
"2551","1030","1042",0
"2552","1031","1042",0
"2553","1032","1042",0
"2554","1033","1042",0
"2555","1034","1042",3
"2556","1035","1042",1
"2557","1036","1042",1
"2558","1037","1042",1
"2559","1038","1042",0
"2560","1039","1042",0
"2561","1040","1042",3
"2562","1041","1042",4
"2563","1042","1042",105
"2564","1043","1042",0
"2565","1044","1042",2
"2566","1045","1042",3
"2567","1046","1042",0
"2568","1047","1042",1
"2569","1048","1042",1
"2570","1049","1042",4
"2571","1050","1042",5
"2572","1059","1042",0
"2573","1061","1042",0
"2574","1751","1042",0
"2575","1761","1042",0
"2576","1762","1042",0
"2577","1764","1042",0
"2578","1771","1042",0
"2579","1781","1042",0
"2580","1791","1042",0
"2581","1000","1043",11
"2582","1001","1043",20
"2583","1002","1043",8
"2584","1003","1043",16
"2585","1004","1043",13
"2586","1005","1043",17
"2587","1006","1043",6
"2588","1007","1043",32
"2589","1008","1043",3
"2590","1009","1043",5
"2591","1010","1043",8
"2592","1011","1043",8
"2593","1012","1043",3
"2594","1013","1043",7
"2595","1014","1043",1
"2596","1015","1043",2
"2597","1016","1043",8
"2598","1017","1043",6
"2599","1018","1043",2
"2600","1019","1043",9
"2601","1020","1043",12
"2602","1021","1043",33
"2603","1022","1043",22
"2604","1023","1043",21
"2605","1024","1043",34
"2606","1025","1043",11
"2607","1026","1043",14
"2608","1027","1043",34
"2609","1028","1043",39
"2610","1029","1043",9
"2611","1030","1043",12
"2612","1031","1043",11
"2613","1032","1043",25
"2614","1033","1043",55
"2615","1034","1043",18
"2616","1035","1043",44
"2617","1036","1043",83
"2618","1037","1043",70
"2619","1038","1043",159
"2620","1039","1043",25
"2621","1040","1043",102
"2622","1041","1043",63
"2623","1042","1043",2
"2624","1043","1043",265
"2625","1044","1043",63
"2626","1045","1043",98
"2627","1046","1043",9
"2628","1047","1043",68
"2629","1048","1043",13
"2630","1049","1043",24
"2631","1050","1043",3
"2632","1059","1043",0
"2633","1061","1043",1
"2634","1751","1043",0
"2635","1761","1043",0
"2636","1762","1043",0
"2637","1764","1043",0
"2638","1771","1043",1
"2639","1781","1043",0
"2640","1791","1043",0
"2641","1000","1044",43
"2642","1001","1044",54
"2643","1002","1044",33
"2644","1003","1044",49
"2645","1004","1044",94
"2646","1005","1044",9
"2647","1006","1044",123
"2648","1007","1044",20
"2649","1008","1044",3
"2650","1009","1044",2
"2651","1010","1044",8
"2652","1011","1044",6
"2653","1012","1044",10
"2654","1013","1044",18
"2655","1014","1044",1
"2656","1015","1044",4
"2657","1016","1044",4
"2658","1017","1044",7
"2659","1018","1044",3
"2660","1019","1044",3
"2661","1020","1044",4
"2662","1021","1044",7
"2663","1022","1044",7
"2664","1023","1044",11
"2665","1024","1044",57
"2666","1025","1044",23
"2667","1026","1044",29
"2668","1027","1044",5
"2669","1028","1044",3
"2670","1029","1044",10
"2671","1030","1044",4
"2672","1031","1044",11
"2673","1032","1044",4
"2674","1033","1044",23
"2675","1034","1044",21
"2676","1035","1044",49
"2677","1036","1044",106
"2678","1037","1044",41
"2679","1038","1044",44
"2680","1039","1044",46
"2681","1040","1044",74
"2682","1041","1044",368
"2683","1042","1044",0
"2684","1043","1044",374
"2685","1044","1044",332
"2686","1045","1044",88
"2687","1046","1044",18
"2688","1047","1044",21
"2689","1048","1044",3
"2690","1049","1044",16
"2691","1050","1044",3
"2692","1059","1044",0
"2693","1061","1044",0
"2694","1751","1044",0
"2695","1761","1044",0
"2696","1762","1044",0
"2697","1764","1044",0
"2698","1771","1044",0
"2699","1781","1044",0
"2700","1791","1044",0
"2701","1000","1045",320
"2702","1001","1045",380
"2703","1002","1045",289
"2704","1003","1045",401
"2705","1004","1045",704
"2706","1005","1045",122
"2707","1006","1045",291
"2708","1007","1045",97
"2709","1008","1045",12
"2710","1009","1045",32
"2711","1010","1045",133
"2712","1011","1045",79
"2713","1012","1045",206
"2714","1013","1045",95
"2715","1014","1045",30
"2716","1015","1045",67
"2717","1016","1045",63
"2718","1017","1045",134
"2719","1018","1045",24
"2720","1019","1045",45
"2721","1020","1045",14
"2722","1021","1045",26
"2723","1022","1045",37
"2724","1023","1045",34
"2725","1024","1045",3
"2726","1025","1045",10
"2727","1026","1045",9
"2728","1027","1045",15
"2729","1028","1045",15
"2730","1029","1045",23
"2731","1030","1045",3
"2732","1031","1045",28
"2733","1032","1045",21
"2734","1033","1045",39
"2735","1034","1045",71
"2736","1035","1045",47
"2737","1036","1045",140
"2738","1037","1045",57
"2739","1038","1045",126
"2740","1039","1045",233
"2741","1040","1045",50
"2742","1041","1045",205
"2743","1042","1045",14
"2744","1043","1045",117
"2745","1044","1045",300
"2746","1045","1045",6952
"2747","1046","1045",466
"2748","1047","1045",357
"2749","1048","1045",798
"2750","1049","1045",892
"2751","1050","1045",11
"2752","1059","1045",2
"2753","1061","1045",5
"2754","1751","1045",0
"2755","1761","1045",0
"2756","1762","1045",0
"2757","1764","1045",0
"2758","1771","1045",0
"2759","1781","1045",0
"2760","1791","1045",0
"2761","1000","1046",59
"2762","1001","1046",163
"2763","1002","1046",129
"2764","1003","1046",221
"2765","1004","1046",102
"2766","1005","1046",99
"2767","1006","1046",51
"2768","1007","1046",53
"2769","1008","1046",7
"2770","1009","1046",8
"2771","1010","1046",100
"2772","1011","1046",21
"2773","1012","1046",45
"2774","1013","1046",111
"2775","1014","1046",13
"2776","1015","1046",10
"2777","1016","1046",35
"2778","1017","1046",30
"2779","1018","1046",14
"2780","1019","1046",9
"2781","1020","1046",2
"2782","1021","1046",2
"2783","1022","1046",15
"2784","1023","1046",2
"2785","1024","1046",2
"2786","1025","1046",1
"2787","1026","1046",6
"2788","1027","1046",0
"2789","1028","1046",2
"2790","1029","1046",7
"2791","1030","1046",0
"2792","1031","1046",3
"2793","1032","1046",12
"2794","1033","1046",17
"2795","1034","1046",26
"2796","1035","1046",6
"2797","1036","1046",17
"2798","1037","1046",16
"2799","1038","1046",38
"2800","1039","1046",59
"2801","1040","1046",10
"2802","1041","1046",66
"2803","1042","1046",4
"2804","1043","1046",33
"2805","1044","1046",77
"2806","1045","1046",225
"2807","1046","1046",1309
"2808","1047","1046",178
"2809","1048","1046",274
"2810","1049","1046",234
"2811","1050","1046",2
"2812","1059","1046",0
"2813","1061","1046",6
"2814","1751","1046",0
"2815","1761","1046",0
"2816","1762","1046",0
"2817","1764","1046",0
"2818","1771","1046",0
"2819","1781","1046",0
"2820","1791","1046",0
"2821","1000","1047",328
"2822","1001","1047",268
"2823","1002","1047",226
"2824","1003","1047",331
"2825","1004","1047",113
"2826","1005","1047",72
"2827","1006","1047",76
"2828","1007","1047",179
"2829","1008","1047",20
"2830","1009","1047",34
"2831","1010","1047",93
"2832","1011","1047",20
"2833","1012","1047",83
"2834","1013","1047",67
"2835","1014","1047",8
"2836","1015","1047",28
"2837","1016","1047",25
"2838","1017","1047",27
"2839","1018","1047",8
"2840","1019","1047",28
"2841","1020","1047",5
"2842","1021","1047",6
"2843","1022","1047",8
"2844","1023","1047",11
"2845","1024","1047",5
"2846","1025","1047",2
"2847","1026","1047",4
"2848","1027","1047",1
"2849","1028","1047",2
"2850","1029","1047",5
"2851","1030","1047",1
"2852","1031","1047",7
"2853","1032","1047",16
"2854","1033","1047",2
"2855","1034","1047",16
"2856","1035","1047",11
"2857","1036","1047",35
"2858","1037","1047",15
"2859","1038","1047",18
"2860","1039","1047",48
"2861","1040","1047",28
"2862","1041","1047",97
"2863","1042","1047",11
"2864","1043","1047",63
"2865","1044","1047",40
"2866","1045","1047",314
"2867","1046","1047",154
"2868","1047","1047",1480
"2869","1048","1047",204
"2870","1049","1047",296
"2871","1050","1047",1
"2872","1059","1047",0
"2873","1061","1047",4
"2874","1751","1047",0
"2875","1761","1047",0
"2876","1762","1047",0
"2877","1764","1047",0
"2878","1771","1047",0
"2879","1781","1047",0
"2880","1791","1047",0
"2881","1000","1048",277
"2882","1001","1048",219
"2883","1002","1048",523
"2884","1003","1048",299
"2885","1004","1048",182
"2886","1005","1048",165
"2887","1006","1048",252
"2888","1007","1048",276
"2889","1008","1048",38
"2890","1009","1048",16
"2891","1010","1048",102
"2892","1011","1048",31
"2893","1012","1048",98
"2894","1013","1048",114
"2895","1014","1048",11
"2896","1015","1048",31
"2897","1016","1048",59
"2898","1017","1048",66
"2899","1018","1048",15
"2900","1019","1048",48
"2901","1020","1048",6
"2902","1021","1048",18
"2903","1022","1048",2
"2904","1023","1048",14
"2905","1024","1048",0
"2906","1025","1048",6
"2907","1026","1048",7
"2908","1027","1048",3
"2909","1028","1048",2
"2910","1029","1048",6
"2911","1030","1048",2
"2912","1031","1048",4
"2913","1032","1048",11
"2914","1033","1048",15
"2915","1034","1048",12
"2916","1035","1048",10
"2917","1036","1048",21
"2918","1037","1048",12
"2919","1038","1048",24
"2920","1039","1048",43
"2921","1040","1048",8
"2922","1041","1048",60
"2923","1042","1048",5
"2924","1043","1048",38
"2925","1044","1048",41
"2926","1045","1048",793
"2927","1046","1048",288
"2928","1047","1048",234
"2929","1048","1048",2181
"2930","1049","1048",247
"2931","1050","1048",4
"2932","1059","1048",0
"2933","1061","1048",8
"2934","1751","1048",0
"2935","1761","1048",0
"2936","1762","1048",0
"2937","1764","1048",0
"2938","1771","1048",0
"2939","1781","1048",0
"2940","1791","1048",0
"2941","1000","1049",253
"2942","1001","1049",484
"2943","1002","1049",393
"2944","1003","1049",328
"2945","1004","1049",465
"2946","1005","1049",328
"2947","1006","1049",731
"2948","1007","1049",198
"2949","1008","1049",44
"2950","1009","1049",68
"2951","1010","1049",165
"2952","1011","1049",73
"2953","1012","1049",191
"2954","1013","1049",377
"2955","1014","1049",15
"2956","1015","1049",126
"2957","1016","1049",88
"2958","1017","1049",109
"2959","1018","1049",28
"2960","1019","1049",48
"2961","1020","1049",22
"2962","1021","1049",20
"2963","1022","1049",10
"2964","1023","1049",2
"2965","1024","1049",1
"2966","1025","1049",4
"2967","1026","1049",0
"2968","1027","1049",0
"2969","1028","1049",7
"2970","1029","1049",3
"2971","1030","1049",1
"2972","1031","1049",9
"2973","1032","1049",3
"2974","1033","1049",10
"2975","1034","1049",6
"2976","1035","1049",17
"2977","1036","1049",27
"2978","1037","1049",6
"2979","1038","1049",18
"2980","1039","1049",28
"2981","1040","1049",9
"2982","1041","1049",36
"2983","1042","1049",8
"2984","1043","1049",33
"2985","1044","1049",25
"2986","1045","1049",753
"2987","1046","1049",282
"2988","1047","1049",383
"2989","1048","1049",216
"2990","1049","1049",2145
"2991","1050","1049",12
"2992","1059","1049",0
"2993","1061","1049",13
"2994","1751","1049",1
"2995","1761","1049",0
"2996","1762","1049",0
"2997","1764","1049",0
"2998","1771","1049",0
"2999","1781","1049",0
"3000","1791","1049",0
"3001","1000","1050",31
"3002","1001","1050",62
"3003","1002","1050",11
"3004","1003","1050",7
"3005","1004","1050",11
"3006","1005","1050",43
"3007","1006","1050",2
"3008","1007","1050",3
"3009","1008","1050",1
"3010","1009","1050",33
"3011","1010","1050",64
"3012","1011","1050",23
"3013","1012","1050",13
"3014","1013","1050",40
"3015","1014","1050",7
"3016","1015","1050",4
"3017","1016","1050",37
"3018","1017","1050",84
"3019","1018","1050",58
"3020","1019","1050",75
"3021","1020","1050",42
"3022","1021","1050",244
"3023","1022","1050",13
"3024","1023","1050",5
"3025","1024","1050",17
"3026","1025","1050",20
"3027","1026","1050",10
"3028","1027","1050",0
"3029","1028","1050",5
"3030","1029","1050",0
"3031","1030","1050",2
"3032","1031","1050",5
"3033","1032","1050",2
"3034","1033","1050",7
"3035","1034","1050",4
"3036","1035","1050",3
"3037","1036","1050",6
"3038","1037","1050",1
"3039","1038","1050",3
"3040","1039","1050",16
"3041","1040","1050",6
"3042","1041","1050",8
"3043","1042","1050",0
"3044","1043","1050",1
"3045","1044","1050",1
"3046","1045","1050",10
"3047","1046","1050",7
"3048","1047","1050",3
"3049","1048","1050",4
"3050","1049","1050",14
"3051","1050","1050",1392
"3052","1059","1050",1
"3053","1061","1050",80
"3054","1751","1050",0
"3055","1761","1050",1
"3056","1762","1050",0
"3057","1764","1050",0
"3058","1771","1050",1
"3059","1781","1050",0
"3060","1791","1050",0
"3061","1000","1059",1
"3062","1001","1059",0
"3063","1002","1059",0
"3064","1003","1059",0
"3065","1004","1059",0
"3066","1005","1059",0
"3067","1006","1059",3
"3068","1007","1059",0
"3069","1008","1059",0
"3070","1009","1059",2
"3071","1010","1059",1
"3072","1011","1059",3
"3073","1012","1059",0
"3074","1013","1059",0
"3075","1014","1059",0
"3076","1015","1059",0
"3077","1016","1059",0
"3078","1017","1059",1
"3079","1018","1059",0
"3080","1019","1059",1
"3081","1020","1059",0
"3082","1021","1059",0
"3083","1022","1059",0
"3084","1023","1059",0
"3085","1024","1059",0
"3086","1025","1059",0
"3087","1026","1059",0
"3088","1027","1059",0
"3089","1028","1059",0
"3090","1029","1059",0
"3091","1030","1059",0
"3092","1031","1059",0
"3093","1032","1059",0
"3094","1033","1059",0
"3095","1034","1059",0
"3096","1035","1059",0
"3097","1036","1059",0
"3098","1037","1059",0
"3099","1038","1059",0
"3100","1039","1059",0
"3101","1040","1059",0
"3102","1041","1059",0
"3103","1042","1059",0
"3104","1043","1059",0
"3105","1044","1059",0
"3106","1045","1059",0
"3107","1046","1059",0
"3108","1047","1059",0
"3109","1048","1059",1
"3110","1049","1059",0
"3111","1050","1059",0
"3112","1059","1059",3
"3113","1061","1059",1
"3114","1751","1059",0
"3115","1761","1059",0
"3116","1762","1059",0
"3117","1764","1059",0
"3118","1771","1059",0
"3119","1781","1059",0
"3120","1791","1059",0
"3121","1000","1061",50
"3122","1001","1061",58
"3123","1002","1061",7
"3124","1003","1061",14
"3125","1004","1061",4
"3126","1005","1061",28
"3127","1006","1061",19
"3128","1007","1061",2
"3129","1008","1061",5
"3130","1009","1061",40
"3131","1010","1061",188
"3132","1011","1061",34
"3133","1012","1061",29
"3134","1013","1061",85
"3135","1014","1061",5
"3136","1015","1061",23
"3137","1016","1061",55
"3138","1017","1061",119
"3139","1018","1061",25
"3140","1019","1061",55
"3141","1020","1061",52
"3142","1021","1061",41
"3143","1022","1061",17
"3144","1023","1061",10
"3145","1024","1061",3
"3146","1025","1061",25
"3147","1026","1061",15
"3148","1027","1061",1
"3149","1028","1061",1
"3150","1029","1061",3
"3151","1030","1061",0
"3152","1031","1061",4
"3153","1032","1061",1
"3154","1033","1061",1
"3155","1034","1061",4
"3156","1035","1061",3
"3157","1036","1061",1
"3158","1037","1061",5
"3159","1038","1061",0
"3160","1039","1061",1
"3161","1040","1061",2
"3162","1041","1061",1
"3163","1042","1061",1
"3164","1043","1061",5
"3165","1044","1061",1
"3166","1045","1061",11
"3167","1046","1061",8
"3168","1047","1061",2
"3169","1048","1061",6
"3170","1049","1061",4
"3171","1050","1061",300
"3172","1059","1061",0
"3173","1061","1061",471
"3174","1751","1061",0
"3175","1761","1061",0
"3176","1762","1061",0
"3177","1764","1061",0
"3178","1771","1061",0
"3179","1781","1061",0
"3180","1791","1061",0
"3181","1000","1063",0
"3182","1001","1063",0
"3183","1002","1063",0
"3184","1003","1063",0
"3185","1004","1063",0
"3186","1005","1063",0
"3187","1006","1063",0
"3188","1007","1063",0
"3189","1008","1063",0
"3190","1009","1063",0
"3191","1010","1063",0
"3192","1011","1063",0
"3193","1012","1063",0
"3194","1013","1063",0
"3195","1014","1063",0
"3196","1015","1063",0
"3197","1016","1063",0
"3198","1017","1063",0
"3199","1018","1063",0
"3200","1019","1063",0
"3201","1020","1063",0
"3202","1021","1063",0
"3203","1022","1063",0
"3204","1023","1063",0
"3205","1024","1063",0
"3206","1025","1063",0
"3207","1026","1063",0
"3208","1027","1063",0
"3209","1028","1063",0
"3210","1029","1063",0
"3211","1030","1063",0
"3212","1031","1063",0
"3213","1032","1063",0
"3214","1033","1063",0
"3215","1034","1063",0
"3216","1035","1063",0
"3217","1036","1063",0
"3218","1037","1063",0
"3219","1038","1063",0
"3220","1039","1063",0
"3221","1040","1063",0
"3222","1041","1063",0
"3223","1042","1063",0
"3224","1043","1063",0
"3225","1044","1063",0
"3226","1045","1063",0
"3227","1046","1063",0
"3228","1047","1063",0
"3229","1048","1063",0
"3230","1049","1063",0
"3231","1050","1063",1
"3232","1059","1063",0
"3233","1061","1063",0
"3234","1751","1063",0
"3235","1761","1063",0
"3236","1762","1063",0
"3237","1764","1063",0
"3238","1771","1063",0
"3239","1781","1063",0
"3240","1791","1063",0
"3241","1000","1751",0
"3242","1001","1751",0
"3243","1002","1751",0
"3244","1003","1751",1
"3245","1004","1751",0
"3246","1005","1751",0
"3247","1006","1751",0
"3248","1007","1751",0
"3249","1008","1751",0
"3250","1009","1751",0
"3251","1010","1751",0
"3252","1011","1751",0
"3253","1012","1751",0
"3254","1013","1751",0
"3255","1014","1751",0
"3256","1015","1751",0
"3257","1016","1751",0
"3258","1017","1751",0
"3259","1018","1751",0
"3260","1019","1751",0
"3261","1020","1751",0
"3262","1021","1751",0
"3263","1022","1751",0
"3264","1023","1751",0
"3265","1024","1751",0
"3266","1025","1751",0
"3267","1026","1751",0
"3268","1027","1751",0
"3269","1028","1751",0
"3270","1029","1751",0
"3271","1030","1751",0
"3272","1031","1751",0
"3273","1032","1751",0
"3274","1033","1751",0
"3275","1034","1751",0
"3276","1035","1751",0
"3277","1036","1751",0
"3278","1037","1751",0
"3279","1038","1751",0
"3280","1039","1751",0
"3281","1040","1751",0
"3282","1041","1751",0
"3283","1042","1751",0
"3284","1043","1751",0
"3285","1044","1751",0
"3286","1045","1751",0
"3287","1046","1751",0
"3288","1047","1751",0
"3289","1048","1751",0
"3290","1049","1751",0
"3291","1050","1751",0
"3292","1059","1751",0
"3293","1061","1751",0
"3294","1751","1751",8
"3295","1761","1751",0
"3296","1762","1751",0
"3297","1764","1751",0
"3298","1771","1751",0
"3299","1781","1751",0
"3300","1791","1751",0
"3301","1000","1761",1
"3302","1001","1761",0
"3303","1002","1761",0
"3304","1003","1761",0
"3305","1004","1761",0
"3306","1005","1761",0
"3307","1006","1761",0
"3308","1007","1761",0
"3309","1008","1761",0
"3310","1009","1761",0
"3311","1010","1761",0
"3312","1011","1761",0
"3313","1012","1761",0
"3314","1013","1761",0
"3315","1014","1761",1
"3316","1015","1761",0
"3317","1016","1761",0
"3318","1017","1761",0
"3319","1018","1761",0
"3320","1019","1761",0
"3321","1020","1761",0
"3322","1021","1761",0
"3323","1022","1761",0
"3324","1023","1761",0
"3325","1024","1761",0
"3326","1025","1761",0
"3327","1026","1761",0
"3328","1027","1761",0
"3329","1028","1761",0
"3330","1029","1761",0
"3331","1030","1761",0
"3332","1031","1761",0
"3333","1032","1761",0
"3334","1033","1761",0
"3335","1034","1761",0
"3336","1035","1761",0
"3337","1036","1761",0
"3338","1037","1761",0
"3339","1038","1761",0
"3340","1039","1761",0
"3341","1040","1761",0
"3342","1041","1761",0
"3343","1042","1761",0
"3344","1043","1761",0
"3345","1044","1761",0
"3346","1045","1761",0
"3347","1046","1761",0
"3348","1047","1761",0
"3349","1048","1761",0
"3350","1049","1761",0
"3351","1050","1761",0
"3352","1059","1761",0
"3353","1061","1761",0
"3354","1751","1761",0
"3355","1761","1761",15
"3356","1762","1761",2
"3357","1764","1761",0
"3358","1771","1761",0
"3359","1781","1761",0
"3360","1791","1761",0
"3361","1000","1762",0
"3362","1001","1762",4
"3363","1002","1762",0
"3364","1003","1762",0
"3365","1004","1762",0
"3366","1005","1762",0
"3367","1006","1762",0
"3368","1007","1762",0
"3369","1008","1762",0
"3370","1009","1762",0
"3371","1010","1762",1
"3372","1011","1762",0
"3373","1012","1762",0
"3374","1013","1762",1
"3375","1014","1762",0
"3376","1015","1762",2
"3377","1016","1762",0
"3378","1017","1762",0
"3379","1018","1762",0
"3380","1019","1762",0
"3381","1020","1762",0
"3382","1021","1762",0
"3383","1022","1762",0
"3384","1023","1762",0
"3385","1024","1762",0
"3386","1025","1762",0
"3387","1026","1762",0
"3388","1027","1762",0
"3389","1028","1762",0
"3390","1029","1762",0
"3391","1030","1762",0
"3392","1031","1762",0
"3393","1032","1762",0
"3394","1033","1762",0
"3395","1034","1762",0
"3396","1035","1762",0
"3397","1036","1762",0
"3398","1037","1762",0
"3399","1038","1762",0
"3400","1039","1762",0
"3401","1040","1762",0
"3402","1041","1762",0
"3403","1042","1762",0
"3404","1043","1762",0
"3405","1044","1762",0
"3406","1045","1762",0
"3407","1046","1762",0
"3408","1047","1762",0
"3409","1048","1762",0
"3410","1049","1762",0
"3411","1050","1762",0
"3412","1059","1762",0
"3413","1061","1762",0
"3414","1751","1762",0
"3415","1761","1762",0
"3416","1762","1762",5
"3417","1764","1762",0
"3418","1771","1762",0
"3419","1781","1762",0
"3420","1791","1762",0
"3421","1000","1764",0
"3422","1001","1764",0
"3423","1002","1764",0
"3424","1003","1764",0
"3425","1004","1764",0
"3426","1005","1764",0
"3427","1006","1764",0
"3428","1007","1764",0
"3429","1008","1764",0
"3430","1009","1764",0
"3431","1010","1764",0
"3432","1011","1764",0
"3433","1012","1764",0
"3434","1013","1764",0
"3435","1014","1764",0
"3436","1015","1764",0
"3437","1016","1764",0
"3438","1017","1764",0
"3439","1018","1764",0
"3440","1019","1764",0
"3441","1020","1764",0
"3442","1021","1764",0
"3443","1022","1764",0
"3444","1023","1764",0
"3445","1024","1764",0
"3446","1025","1764",0
"3447","1026","1764",0
"3448","1027","1764",0
"3449","1028","1764",0
"3450","1029","1764",0
"3451","1030","1764",0
"3452","1031","1764",0
"3453","1032","1764",0
"3454","1033","1764",0
"3455","1034","1764",0
"3456","1035","1764",0
"3457","1036","1764",0
"3458","1037","1764",0
"3459","1038","1764",0
"3460","1039","1764",0
"3461","1040","1764",0
"3462","1041","1764",0
"3463","1042","1764",0
"3464","1043","1764",0
"3465","1044","1764",0
"3466","1045","1764",0
"3467","1046","1764",0
"3468","1047","1764",0
"3469","1048","1764",0
"3470","1049","1764",0
"3471","1050","1764",0
"3472","1059","1764",0
"3473","1061","1764",0
"3474","1751","1764",0
"3475","1761","1764",0
"3476","1762","1764",0
"3477","1764","1764",1
"3478","1771","1764",0
"3479","1781","1764",0
"3480","1791","1764",0
"3481","1000","1771",1
"3482","1001","1771",0
"3483","1002","1771",0
"3484","1003","1771",1
"3485","1004","1771",4
"3486","1005","1771",1
"3487","1006","1771",0
"3488","1007","1771",0
"3489","1008","1771",0
"3490","1009","1771",0
"3491","1010","1771",4
"3492","1011","1771",0
"3493","1012","1771",0
"3494","1013","1771",2
"3495","1014","1771",0
"3496","1015","1771",0
"3497","1016","1771",0
"3498","1017","1771",0
"3499","1018","1771",0
"3500","1019","1771",0
"3501","1020","1771",0
"3502","1021","1771",0
"3503","1022","1771",0
"3504","1023","1771",0
"3505","1024","1771",0
"3506","1025","1771",0
"3507","1026","1771",0
"3508","1027","1771",0
"3509","1028","1771",0
"3510","1029","1771",0
"3511","1030","1771",0
"3512","1031","1771",0
"3513","1032","1771",0
"3514","1033","1771",0
"3515","1034","1771",0
"3516","1035","1771",0
"3517","1036","1771",0
"3518","1037","1771",0
"3519","1038","1771",0
"3520","1039","1771",1
"3521","1040","1771",0
"3522","1041","1771",1
"3523","1042","1771",0
"3524","1043","1771",0
"3525","1044","1771",0
"3526","1045","1771",3
"3527","1046","1771",0
"3528","1047","1771",0
"3529","1048","1771",0
"3530","1049","1771",0
"3531","1050","1771",0
"3532","1059","1771",0
"3533","1061","1771",0
"3534","1751","1771",0
"3535","1761","1771",0
"3536","1762","1771",0
"3537","1764","1771",0
"3538","1771","1771",22
"3539","1781","1771",0
"3540","1791","1771",0
"3541","1000","1781",0
"3542","1001","1781",0
"3543","1002","1781",0
"3544","1003","1781",0
"3545","1004","1781",0
"3546","1005","1781",0
"3547","1006","1781",0
"3548","1007","1781",0
"3549","1008","1781",0
"3550","1009","1781",0
"3551","1010","1781",0
"3552","1011","1781",0
"3553","1012","1781",0
"3554","1013","1781",0
"3555","1014","1781",0
"3556","1015","1781",0
"3557","1016","1781",0
"3558","1017","1781",0
"3559","1018","1781",0
"3560","1019","1781",0
"3561","1020","1781",0
"3562","1021","1781",0
"3563","1022","1781",0
"3564","1023","1781",1
"3565","1024","1781",0
"3566","1025","1781",0
"3567","1026","1781",0
"3568","1027","1781",2
"3569","1028","1781",2
"3570","1029","1781",0
"3571","1030","1781",0
"3572","1031","1781",0
"3573","1032","1781",0
"3574","1033","1781",0
"3575","1034","1781",0
"3576","1035","1781",0
"3577","1036","1781",0
"3578","1037","1781",0
"3579","1038","1781",0
"3580","1039","1781",0
"3581","1040","1781",0
"3582","1041","1781",0
"3583","1042","1781",0
"3584","1043","1781",0
"3585","1044","1781",0
"3586","1045","1781",0
"3587","1046","1781",0
"3588","1047","1781",0
"3589","1048","1781",0
"3590","1049","1781",0
"3591","1050","1781",0
"3592","1059","1781",0
"3593","1061","1781",0
"3594","1751","1781",0
"3595","1761","1781",0
"3596","1762","1781",0
"3597","1764","1781",0
"3598","1771","1781",0
"3599","1781","1781",0
"3600","1791","1781",0
"3601","1000","1791",0
"3602","1001","1791",0
"3603","1002","1791",0
"3604","1003","1791",0
"3605","1004","1791",0
"3606","1005","1791",0
"3607","1006","1791",0
"3608","1007","1791",0
"3609","1008","1791",0
"3610","1009","1791",0
"3611","1010","1791",0
"3612","1011","1791",0
"3613","1012","1791",0
"3614","1013","1791",0
"3615","1014","1791",0
"3616","1015","1791",0
"3617","1016","1791",0
"3618","1017","1791",0
"3619","1018","1791",0
"3620","1019","1791",0
"3621","1020","1791",0
"3622","1021","1791",0
"3623","1022","1791",0
"3624","1023","1791",0
"3625","1024","1791",0
"3626","1025","1791",0
"3627","1026","1791",0
"3628","1027","1791",0
"3629","1028","1791",0
"3630","1029","1791",0
"3631","1030","1791",0
"3632","1031","1791",0
"3633","1032","1791",0
"3634","1033","1791",0
"3635","1034","1791",0
"3636","1035","1791",0
"3637","1036","1791",0
"3638","1037","1791",0
"3639","1038","1791",0
"3640","1039","1791",0
"3641","1040","1791",0
"3642","1041","1791",0
"3643","1042","1791",0
"3644","1043","1791",0
"3645","1044","1791",0
"3646","1045","1791",0
"3647","1046","1791",0
"3648","1047","1791",0
"3649","1048","1791",0
"3650","1049","1791",0
"3651","1050","1791",0
"3652","1059","1791",0
"3653","1061","1791",0
"3654","1751","1791",0
"3655","1761","1791",0
"3656","1762","1791",0
"3657","1764","1791",0
"3658","1771","1791",0
"3659","1781","1791",0
"3660","1791","1791",34
